Date, Open_FBMKLCI, High_FBMKLCI, Low_FBMKLCI, Close_FBMKLCI
05/23/22,1542.53,1542.53,1542.53,1542.53
05/20/22,1549.12,1549.12,1549.12,1549.12
05/19/22,1549.41,1549.41,1549.41,1549.41
05/18/22,1554.91,1554.91,1554.91,1554.91
05/17/22,1548.6,1548.6,1548.6,1548.6
05/13/22,1544.41,1544.41,1544.41,1544.41
5/12/2022,1538.8,1538.8,1538.8,1538.8
5/11/2022,1555.93,1555.93,1555.93,1555.93
5/10/2022,1554.58,1554.58,1554.58,1554.58
5/9/2022,1549.18,1549.18,1549.18,1549.18
5/6/2022,1564.34,1564.34,1564.34,1564.34
5/5/2022,1582.98,1582.98,1582.98,1582.98
04/29/22,1600.43,1600.43,1600.43,1600.43
04/28/22,1597.31,1597.31,1597.31,1597.31
04/27/22,1585.98,1585.98,1585.98,1585.98
04/26/22,1596.68,1596.68,1596.68,1596.68
04/25/22,1589.98,1589.98,1589.98,1589.98
04/22/22,1601.97,1601.97,1601.97,1601.97
04/21/22,1598.32,1598.32,1598.32,1598.32
04/20/22,1593.75,1593.75,1593.75,1593.75
04/18/22,1581.14,1581.14,1581.14,1581.14
04/15/22,1589.01,1589.01,1589.01,1589.01
04/14/22,1595.7,1595.7,1595.7,1595.7
04/13/22,1597.18,1597.18,1597.18,1597.18
4/12/2022,1597.13,1597.13,1597.13,1597.13
4/11/2022,1604.61,1604.61,1604.61,1604.61
4/8/2022,1607.29,1607.29,1607.29,1607.29
4/7/2022,1600.79,1600.79,1600.79,1600.79
4/6/2022,1604.72,1604.72,1604.72,1604.72
4/5/2022,1596.79,1596.79,1596.79,1596.79
4/4/2022,1598.92,1598.92,1598.92,1598.92
4/1/2022,1602.41,1602.41,1602.41,1602.41
03/31/22,1587.36,1587.36,1587.36,1587.36
03/30/22,1583.22,1583.22,1583.22,1583.22
03/29/22,1583.42,1583.42,1583.42,1583.42
03/28/22,1597.95,1597.95,1597.95,1597.95
03/25/22,1603.3,1603.3,1603.3,1603.3
03/24/22,1598.97,1598.97,1598.97,1598.97
03/23/22,1597.88,1597.88,1597.88,1597.88
03/22/22,1585.81,1585.81,1585.81,1585.81
03/21/22,1587.16,1587.16,1587.16,1587.16
03/18/22,1591.26,1591.26,1591.26,1591.26
03/17/22,1590.88,1590.88,1590.88,1590.88
03/16/22,1571.32,1571.32,1571.32,1571.32
03/15/22,1557.41,1557.41,1557.41,1557.41
3/11/2022,1568.22,1568.22,1568.22,1568.22
3/10/2022,1580.53,1580.53,1580.53,1580.53
3/9/2022,1562.33,1562.33,1562.33,1562.33
3/8/2022,1546.87,1546.87,1546.87,1546.87
3/7/2022,1572.56,1572.56,1572.56,1572.56
3/4/2022,1603.94,1603.94,1603.94,1603.94
3/3/2022,1618.54,1618.54,1618.54,1618.54
3/2/2022,1598.1,1598.1,1598.1,1598.1
3/1/2022,1596.44,1596.44,1596.44,1596.44
02/28/22,1608.28,1608.28,1608.28,1608.28
02/25/22,1591.72,1591.72,1591.72,1591.72
02/24/22,1573.89,1573.89,1573.89,1573.89
02/23/22,1586.14,1586.14,1586.14,1586.14
02/22/22,1576.96,1576.96,1576.96,1576.96
02/21/22,1582.69,1582.69,1582.69,1582.69
02/18/22,1603.05,1603.05,1603.05,1603.05
02/17/22,1605.02,1605.02,1605.02,1605.02
02/16/22,1603.2,1603.2,1603.2,1603.2
02/15/22,1599.61,1599.61,1599.61,1599.61
02/14/22,1583.84,1583.84,1583.84,1583.84
2/11/2022,1578.89,1578.89,1578.89,1578.89
2/10/2022,1570.1,1570.1,1570.1,1570.1
2/9/2022,1551.51,1551.51,1551.51,1551.51
2/8/2022,1530.09,1530.09,1530.09,1530.09
2/7/2022,1530.65,1530.65,1530.65,1530.65
2/4/2022,1522.76,1522.76,1522.76,1522.76
2/3/2022,1525.73,1525.73,1525.73,1525.73
01/31/22,1512.27,1512.27,1512.27,1512.27
01/28/22,1520.02,1520.02,1520.02,1520.02
01/27/22,1515.99,1515.99,1515.99,1515.99
01/26/22,1515.76,1515.76,1515.76,1515.76
01/25/22,1508.91,1508.91,1508.91,1508.91
01/24/22,1521.86,1521.86,1521.86,1521.86
01/21/22,1527.06,1527.06,1527.06,1527.06
01/20/22,1527.75,1527.75,1527.75,1527.75
01/19/22,1530.33,1530.33,1530.33,1530.33
01/17/22,1542.92,1542.92,1542.92,1542.92
01/14/22,1555.33,1555.33,1555.33,1555.33
01/13/22,1569.51,1569.51,1569.51,1569.51
1/12/2022,1563.2,1563.2,1563.2,1563.2
1/11/2022,1564.29,1564.29,1564.29,1564.29
1/10/2022,1550.17,1550.17,1550.17,1550.17
1/7/2022,1543.11,1543.11,1543.11,1543.11
1/6/2022,1533.36,1533.36,1533.36,1533.36
1/5/2022,1547.95,1547.95,1547.95,1547.95
1/4/2022,1541.9,1541.9,1541.9,1541.9
1/3/2022,1549.05,1549.05,1549.05,1549.05
12/31/21,1567.53,1567.53,1567.53,1567.53
12/30/21,1543.61,1543.61,1543.61,1543.61
12/29/21,1545.04,1545.04,1545.04,1545.04
12/28/21,1539.89,1539.89,1539.89,1539.89
12/27/21,1533.91,1533.91,1533.91,1533.91
12/24/21,1516.45,1516.45,1516.45,1516.45
12/23/21,1516.42,1516.42,1516.42,1516.42
12/22/21,1500.32,1500.32,1500.32,1500.32
12/21/21,1492.59,1492.59,1492.59,1492.59
12/20/21,1493.9,1493.9,1493.9,1493.9
12/17/21,1502.01,1502.01,1502.01,1502.01
12/16/21,1484.64,1484.64,1484.64,1484.64
12/15/21,1482.81,1482.81,1482.81,1482.81
12/14/21,1480.92,1480.92,1480.92,1480.92
12/13/21,1494.86,1494.86,1494.86,1494.86
12/10/2021,1488.88,1488.88,1488.88,1488.88
12/9/2021,1501.79,1501.79,1501.79,1501.79
12/8/2021,1494.03,1494.03,1494.03,1494.03
12/7/2021,1497.97,1497.97,1497.97,1497.97
12/6/2021,1483.45,1483.45,1483.45,1483.45
12/2/2021,1501.74,1501.74,1501.74,1501.74
12/1/2021,1496.93,1496.93,1496.93,1496.93
11/30/21,1513.98,1513.98,1513.98,1513.98
11/29/21,1510.57,1510.57,1510.57,1510.57
11/26/21,1512.22,1512.22,1512.22,1512.22
11/25/21,1517.6,1517.6,1517.6,1517.6
11/24/21,1522.27,1522.27,1522.27,1522.27
11/23/21,1522.88,1522.88,1522.88,1522.88
11/22/21,1526.87,1526.87,1526.87,1526.87
11/19/21,1525.54,1525.54,1525.54,1525.54
11/18/21,1523.79,1523.79,1523.79,1523.79
11/17/21,1525.13,1525.13,1525.13,1525.13
11/16/21,1522.89,1522.89,1522.89,1522.89
11/15/21,1522.34,1522.34,1522.34,1522.34
11/12/2021,1531.22,1531.22,1531.22,1531.22
11/11/2021,1518.85,1518.85,1518.85,1518.85
11/10/2021,1520.74,1520.74,1520.74,1520.74
11/9/2021,1524.03,1524.03,1524.03,1524.03
11/8/2021,1535.41,1535.41,1535.41,1535.41
11/5/2021,1531.73,1531.73,1531.73,1531.73
11/3/2021,1531.33,1531.33,1531.33,1531.33
11/2/2021,1537.63,1537.63,1537.63,1537.63
11/1/2021,1530.92,1530.92,1530.92,1530.92
10/29/21,1562.31,1562.31,1562.31,1562.31
10/28/21,1566.86,1566.86,1566.86,1566.86
10/27/21,1583.08,1583.08,1583.08,1583.08
10/26/21,1584.2,1584.2,1584.2,1584.2
10/25/21,1587.94,1587.94,1587.94,1587.94
10/22/21,1588.08,1588.08,1588.08,1588.08
10/21/21,1591.62,1591.62,1591.62,1591.62
10/20/21,1606.32,1606.32,1606.32,1606.32
10/18/21,1605.97,1605.97,1605.97,1605.97
10/15/21,1598.28,1598.28,1598.28,1598.28
10/14/21,1592.52,1592.52,1592.52,1592.52
10/13/21,1600.38,1600.38,1600.38,1600.38
10/12/2021,1583.91,1583.91,1583.91,1583.91
10/11/2021,1570.82,1570.82,1570.82,1570.82
10/8/2021,1563.9,1563.9,1563.9,1563.9
10/7/2021,1561.29,1561.29,1561.29,1561.29
10/6/2021,1559.42,1559.42,1559.42,1559.42
10/5/2021,1530.42,1530.42,1530.42,1530.42
10/4/2021,1522.47,1522.47,1522.47,1522.47
10/1/2021,1524.48,1524.48,1524.48,1524.48
09/30/21,1537.8,1537.8,1537.8,1537.8
09/29/21,1547.65,1547.65,1547.65,1547.65
09/28/21,1546.82,1546.82,1546.82,1546.82
09/27/21,1533.05,1533.05,1533.05,1533.05
09/24/21,1532.06,1532.06,1532.06,1532.06
09/23/21,1539.34,1539.34,1539.34,1539.34
09/22/21,1529.02,1529.02,1529.02,1529.02
09/21/21,1530.44,1530.44,1530.44,1530.44
09/20/21,1527.89,1527.89,1527.89,1527.89
09/17/21,1548.51,1548.51,1548.51,1548.51
09/15/21,1555.26,1555.26,1555.26,1555.26
09/14/21,1555.51,1555.51,1555.51,1555.51
09/13/21,1570.13,1570.13,1570.13,1570.13
9/10/2021,1575.97,1575.97,1575.97,1575.97
9/9/2021,1578.89,1578.89,1578.89,1578.89
9/8/2021,1597.63,1597.63,1597.63,1597.63
9/7/2021,1583.48,1583.48,1583.48,1583.48
9/6/2021,1581.59,1581.59,1581.59,1581.59
9/3/2021,1589.19,1589.19,1589.19,1589.19
9/2/2021,1582.19,1582.19,1582.19,1582.19
9/1/2021,1586.89,1586.89,1586.89,1586.89
08/30/21,1601.38,1601.38,1601.38,1601.38
08/27/21,1590.16,1590.16,1590.16,1590.16
08/26/21,1585.74,1585.74,1585.74,1585.74
08/25/21,1569.8,1569.8,1569.8,1569.8
08/24/21,1553.37,1553.37,1553.37,1553.37
08/23/21,1522.43,1522.43,1522.43,1522.43
08/20/21,1518.03,1518.03,1518.03,1518.03
08/19/21,1514.95,1514.95,1514.95,1514.95
08/18/21,1525.24,1525.24,1525.24,1525.24
08/17/21,1523.59,1523.59,1523.59,1523.59
08/16/21,1502.9,1502.9,1502.9,1502.9
08/13/21,1505.11,1505.11,1505.11,1505.11
8/12/2021,1501.97,1501.97,1501.97,1501.97
8/11/2021,1504.44,1504.44,1504.44,1504.44
8/9/2021,1496.73,1496.73,1496.73,1496.73
8/6/2021,1489.8,1489.8,1489.8,1489.8
8/5/2021,1495.78,1495.78,1495.78,1495.78
8/4/2021,1491.33,1491.33,1491.33,1491.33
8/3/2021,1500.26,1500.26,1500.26,1500.26
8/2/2021,1493,1493,1493,1493
07/30/21,1494.6,1494.6,1494.6,1494.6
07/29/21,1512.93,1512.93,1512.93,1512.93
07/28/21,1515.39,1515.39,1515.39,1515.39
07/27/21,1514.6,1514.6,1514.6,1514.6
07/26/21,1512.53,1512.53,1512.53,1512.53
07/23/21,1523.44,1523.44,1523.44,1523.44
07/22/21,1527.62,1527.62,1527.62,1527.62
07/21/21,1516.52,1516.52,1516.52,1516.52
07/19/21,1519.97,1519.97,1519.97,1519.97
07/16/21,1522.48,1522.48,1522.48,1522.48
07/15/21,1520.82,1520.82,1520.82,1520.82
07/14/21,1512.32,1512.32,1512.32,1512.32
07/13/21,1519.56,1519.56,1519.56,1519.56
7/12/2021,1512.89,1512.89,1512.89,1512.89
7/9/2021,1520.58,1520.58,1520.58,1520.58
7/8/2021,1508.71,1508.71,1508.71,1508.71
7/7/2021,1530.15,1530.15,1530.15,1530.15
7/6/2021,1531.63,1531.63,1531.63,1531.63
7/5/2021,1532.36,1532.36,1532.36,1532.36
7/2/2021,1533.35,1533.35,1533.35,1533.35
7/1/2021,1534.23,1534.23,1534.23,1534.23
06/30/21,1532.63,1532.63,1532.63,1532.63
06/29/21,1548.31,1548.31,1548.31,1548.31
06/28/21,1544.71,1544.71,1544.71,1544.71
06/25/21,1559.68,1559.68,1559.68,1559.68
06/24/21,1555.71,1555.71,1555.71,1555.71
06/23/21,1564.76,1564.76,1564.76,1564.76
06/22/21,1574.02,1574.02,1574.02,1574.02
06/21/21,1572.24,1572.24,1572.24,1572.24
06/18/21,1589.05,1589.05,1589.05,1589.05
06/17/21,1570.86,1570.86,1570.86,1570.86
06/16/21,1578.32,1578.32,1578.32,1578.32
06/15/21,1581.37,1581.37,1581.37,1581.37
06/14/21,1582.46,1582.46,1582.46,1582.46
6/11/2021,1575.16,1575.16,1575.16,1575.16
6/10/2021,1579.9,1579.9,1579.9,1579.9
6/9/2021,1581.48,1581.48,1581.48,1581.48
6/8/2021,1587.96,1587.96,1587.96,1587.96
6/4/2021,1578.45,1578.45,1578.45,1578.45
6/3/2021,1590.57,1590.57,1590.57,1590.57
6/2/2021,1597.94,1597.94,1597.94,1597.94
6/1/2021,1585.9,1585.9,1585.9,1585.9
05/31/21,1583.55,1583.55,1583.55,1583.55
05/28/21,1594.44,1594.44,1594.44,1594.44
05/27/21,1593.9,1593.9,1593.9,1593.9
05/25/21,1577.82,1577.82,1577.82,1577.82
05/24/21,1571.82,1571.82,1571.82,1571.82
05/21/21,1562.17,1562.17,1562.17,1562.17
05/20/21,1575.32,1575.32,1575.32,1575.32
05/19/21,1580.52,1580.52,1580.52,1580.52
05/18/21,1591.32,1591.32,1591.32,1591.32
05/17/21,1583.46,1583.46,1583.46,1583.46
5/12/2021,1582.52,1582.52,1582.52,1582.52
5/11/2021,1577.64,1577.64,1577.64,1577.64
5/10/2021,1583.92,1583.92,1583.92,1583.92
5/7/2021,1587.45,1587.45,1587.45,1587.45
5/6/2021,1578.33,1578.33,1578.33,1578.33
5/5/2021,1575.67,1575.67,1575.67,1575.67
5/4/2021,1588.25,1588.25,1588.25,1588.25
5/3/2021,1590.73,1590.73,1590.73,1590.73
04/30/21,1601.65,1601.65,1601.65,1601.65
04/28/21,1608.5,1608.5,1608.5,1608.5
04/27/21,1606.68,1606.68,1606.68,1606.68
04/26/21,1623.47,1623.47,1623.47,1623.47
04/23/21,1608.43,1608.43,1608.43,1608.43
04/22/21,1607.73,1607.73,1607.73,1607.73
04/21/21,1596.58,1596.58,1596.58,1596.58
04/20/21,1607.57,1607.57,1607.57,1607.57
04/19/21,1600.29,1600.29,1600.29,1600.29
04/16/21,1608.38,1608.38,1608.38,1608.38
04/15/21,1608.25,1608.25,1608.25,1608.25
04/14/21,1598.28,1598.28,1598.28,1598.28
04/13/21,1597.71,1597.71,1597.71,1597.71
4/12/2021,1608.42,1608.42,1608.42,1608.42
4/9/2021,1612.25,1612.25,1612.25,1612.25
4/8/2021,1602.4,1602.4,1602.4,1602.4
4/7/2021,1600.59,1600.59,1600.59,1600.59
4/6/2021,1578.91,1578.91,1578.91,1578.91
4/5/2021,1584.24,1584.24,1584.24,1584.24
4/2/2021,1585.35,1585.35,1585.35,1585.35
4/1/2021,1582.64,1582.64,1582.64,1582.64
03/31/21,1573.51,1573.51,1573.51,1573.51
03/30/21,1609.19,1609.19,1609.19,1609.19
03/29/21,1611.28,1611.28,1611.28,1611.28
03/26/21,1601.42,1601.42,1601.42,1601.42
03/25/21,1597.73,1597.73,1597.73,1597.73
03/24/21,1602.4,1602.4,1602.4,1602.4
03/23/21,1595.29,1595.29,1595.29,1595.29
03/22/21,1616.73,1616.73,1616.73,1616.73
03/19/21,1626.19,1626.19,1626.19,1626.19
03/18/21,1627.99,1627.99,1627.99,1627.99
03/17/21,1624.97,1624.97,1624.97,1624.97
03/16/21,1623.96,1623.96,1623.96,1623.96
03/15/21,1620.92,1620.92,1620.92,1620.92
3/12/2021,1615.69,1615.69,1615.69,1615.69
3/11/2021,1629.41,1629.41,1629.41,1629.41
3/10/2021,1639.83,1639.83,1639.83,1639.83
3/9/2021,1624.78,1624.78,1624.78,1624.78
3/8/2021,1611.81,1611.81,1611.81,1611.81
3/5/2021,1600.12,1600.12,1600.12,1600.12
3/4/2021,1581.26,1581.26,1581.26,1581.26
3/3/2021,1588.45,1588.45,1588.45,1588.45
3/2/2021,1569.87,1569.87,1569.87,1569.87
3/1/2021,1567.14,1567.14,1567.14,1567.14
02/26/21,1577.75,1577.75,1577.75,1577.75
02/25/21,1581.54,1581.54,1581.54,1581.54
02/24/21,1557.55,1557.55,1557.55,1557.55
02/23/21,1565.05,1565.05,1565.05,1565.05
02/22/21,1570.46,1570.46,1570.46,1570.46
02/19/21,1584.93,1584.93,1584.93,1584.93
02/18/21,1575.84,1575.84,1575.84,1575.84
02/17/21,1595.29,1595.29,1595.29,1595.29
02/16/21,1606.14,1606.14,1606.14,1606.14
02/15/21,1608.07,1608.07,1608.07,1608.07
2/11/2021,1599.42,1599.42,1599.42,1599.42
2/10/2021,1596.85,1596.85,1596.85,1596.85
2/9/2021,1586.13,1586.13,1586.13,1586.13
2/8/2021,1573.33,1573.33,1573.33,1573.33
2/5/2021,1578.63,1578.63,1578.63,1578.63
2/4/2021,1584.9,1584.9,1584.9,1584.9
2/3/2021,1582.99,1582.99,1582.99,1582.99
2/2/2021,1580.49,1580.49,1580.49,1580.49
01/29/21,1566.4,1566.4,1566.4,1566.4
01/27/21,1580.62,1580.62,1580.62,1580.62
01/26/21,1575.31,1575.31,1575.31,1575.31
01/25/21,1576.62,1576.62,1576.62,1576.62
01/22/21,1596.74,1596.74,1596.74,1596.74
01/21/21,1594.8,1594.8,1594.8,1594.8
01/20/21,1601.54,1601.54,1601.54,1601.54
01/19/21,1601.88,1601.88,1601.88,1601.88
01/18/21,1609.52,1609.52,1609.52,1609.52
01/15/21,1627.01,1627.01,1627.01,1627.01
01/14/21,1635.71,1635.71,1635.71,1635.71
01/13/21,1636.69,1636.69,1636.69,1636.69
1/12/2021,1612.04,1612.04,1612.04,1612.04
1/11/2021,1617.25,1617.25,1617.25,1617.25
1/8/2021,1633.19,1633.19,1633.19,1633.19
1/7/2021,1602.95,1602.95,1602.95,1602.95
1/6/2021,1591.97,1591.97,1591.97,1591.97
1/5/2021,1608.35,1608.35,1608.35,1608.35
1/4/2021,1602.57,1602.57,1602.57,1602.57
12/31/20,1627.21,1627.21,1627.21,1627.21
12/30/20,1644.41,1644.41,1644.41,1644.41
12/29/20,1634.99,1634.99,1634.99,1634.99
12/28/20,1643.9,1643.9,1643.9,1643.9
12/24/20,1641.17,1641.17,1641.17,1641.17
12/23/20,1647.5,1647.5,1647.5,1647.5
12/22/20,1631.92,1631.92,1631.92,1631.92
12/21/20,1647.89,1647.89,1647.89,1647.89
12/18/20,1652.49,1652.49,1652.49,1652.49
12/17/20,1674.35,1674.35,1674.35,1674.35
12/16/20,1681.41,1681.41,1681.41,1681.41
12/15/20,1674.02,1674.02,1674.02,1674.02
12/14/20,1662.74,1662.74,1662.74,1662.74
12/11/2020,1684.58,1684.58,1684.58,1684.58
12/10/2020,1654.39,1654.39,1654.39,1654.39
12/9/2020,1646.53,1646.53,1646.53,1646.53
12/8/2020,1631.7,1631.7,1631.7,1631.7
12/7/2020,1622.89,1622.89,1622.89,1622.89
12/4/2020,1621.85,1621.85,1621.85,1621.85
12/3/2020,1628.26,1628.26,1628.26,1628.26
12/2/2020,1598.72,1598.72,1598.72,1598.72
12/1/2020,1602.26,1602.26,1602.26,1602.26
11/30/20,1562.71,1562.71,1562.71,1562.71
11/27/20,1607.59,1607.59,1607.59,1607.59
11/26/20,1612.11,1612.11,1612.11,1612.11
11/25/20,1597.58,1597.58,1597.58,1597.58
11/24/20,1578.39,1578.39,1578.39,1578.39
11/23/20,1597.48,1597.48,1597.48,1597.48
11/20/20,1593.75,1593.75,1593.75,1593.75
11/19/20,1583.68,1583.68,1583.68,1583.68
11/18/20,1604.75,1604.75,1604.75,1604.75
11/17/20,1610.15,1610.15,1610.15,1610.15
11/16/20,1599.66,1599.66,1599.66,1599.66
11/13/20,1589.69,1589.69,1589.69,1589.69
11/12/2020,1590.78,1590.78,1590.78,1590.78
11/11/2020,1570.08,1570.08,1570.08,1570.08
11/10/2020,1575.07,1575.07,1575.07,1575.07
11/9/2020,1524.32,1524.32,1524.32,1524.32
11/6/2020,1519.64,1519.64,1519.64,1519.64
11/5/2020,1501.49,1501.49,1501.49,1501.49
11/4/2020,1464.61,1464.61,1464.61,1464.61
11/3/2020,1461.45,1461.45,1461.45,1461.45
11/2/2020,1466.46,1466.46,1466.46,1466.46
10/30/20,1466.89,1466.89,1466.89,1466.89
10/28/20,1495.2,1495.2,1495.2,1495.2
10/27/20,1500.35,1500.35,1500.35,1500.35
10/26/20,1494.61,1494.61,1494.61,1494.61
10/23/20,1494.64,1494.64,1494.64,1494.64
10/22/20,1498.8,1498.8,1498.8,1498.8
10/21/20,1492.4,1492.4,1492.4,1492.4
10/20/20,1510.97,1510.97,1510.97,1510.97
10/19/20,1518.11,1518.11,1518.11,1518.11
10/16/20,1503.84,1503.84,1503.84,1503.84
10/15/20,1513.95,1513.95,1513.95,1513.95
10/14/20,1523.25,1523.25,1523.25,1523.25
10/13/20,1525.2,1525.2,1525.2,1525.2
10/12/2020,1518.43,1518.43,1518.43,1518.43
10/9/2020,1530.35,1530.35,1530.35,1530.35
10/8/2020,1519.43,1519.43,1519.43,1519.43
10/7/2020,1489.56,1489.56,1489.56,1489.56
10/6/2020,1509.47,1509.47,1509.47,1509.47
10/5/2020,1512.43,1512.43,1512.43,1512.43
10/2/2020,1500.3,1500.3,1500.3,1500.3
10/1/2020,1496.77,1496.77,1496.77,1496.77
09/30/20,1504.82,1504.82,1504.82,1504.82
09/29/20,1503.9,1503.9,1503.9,1503.9
09/28/20,1511.66,1511.66,1511.66,1511.66
09/25/20,1509.14,1509.14,1509.14,1509.14
09/24/20,1500.8,1500.8,1500.8,1500.8
09/23/20,1496.48,1496.48,1496.48,1496.48
09/22/20,1505.78,1505.78,1505.78,1505.78
09/21/20,1499.43,1499.43,1499.43,1499.43
09/18/20,1506.63,1506.63,1506.63,1506.63
09/17/20,1513.07,1513.07,1513.07,1513.07
09/15/20,1531.28,1531.28,1531.28,1531.28
09/14/20,1511.36,1511.36,1511.36,1511.36
9/11/2020,1504.85,1504.85,1504.85,1504.85
9/10/2020,1490.12,1490.12,1490.12,1490.12
9/9/2020,1496.72,1496.72,1496.72,1496.72
9/8/2020,1519.32,1519.32,1519.32,1519.32
9/7/2020,1516.38,1516.38,1516.38,1516.38
9/4/2020,1515.86,1515.86,1515.86,1515.86
9/3/2020,1515.4,1515.4,1515.4,1515.4
9/2/2020,1537.54,1537.54,1537.54,1537.54
9/1/2020,1521.43,1521.43,1521.43,1521.43
08/28/20,1525.21,1525.21,1525.21,1525.21
08/27/20,1554.78,1554.78,1554.78,1554.78
08/26/20,1549.58,1549.58,1549.58,1549.58
08/25/20,1554.96,1554.96,1554.96,1554.96
08/24/20,1568.58,1568.58,1568.58,1568.58
08/21/20,1577.12,1577.12,1577.12,1577.12
08/19/20,1575.38,1575.38,1575.38,1575.38
08/18/20,1577.85,1577.85,1577.85,1577.85
08/17/20,1560.74,1560.74,1560.74,1560.74
08/14/20,1564.59,1564.59,1564.59,1564.59
08/13/20,1576.42,1576.42,1576.42,1576.42
8/12/2020,1556.64,1556.64,1556.64,1556.64
8/11/2020,1564.74,1564.74,1564.74,1564.74
8/10/2020,1571.66,1571.66,1571.66,1571.66
8/7/2020,1578.14,1578.14,1578.14,1578.14
8/6/2020,1588.57,1588.57,1588.57,1588.57
8/5/2020,1568.13,1568.13,1568.13,1568.13
8/4/2020,1575.94,1575.94,1575.94,1575.94
8/3/2020,1572.61,1572.61,1572.61,1572.61
07/30/20,1603.75,1603.75,1603.75,1603.75
07/29/20,1611.42,1611.42,1611.42,1611.42
07/28/20,1609.94,1609.94,1609.94,1609.94
07/27/20,1591.48,1591.48,1591.48,1591.48
07/24/20,1589.61,1589.61,1589.61,1589.61
07/23/20,1606.42,1606.42,1606.42,1606.42
07/22/20,1586.98,1586.98,1586.98,1586.98
07/21/20,1595.93,1595.93,1595.93,1595.93
07/20/20,1589.45,1589.45,1589.45,1589.45
07/17/20,1596.33,1596.33,1596.33,1596.33
07/16/20,1573.31,1573.31,1573.31,1573.31
07/15/20,1585.56,1585.56,1585.56,1585.56
07/14/20,1598.75,1598.75,1598.75,1598.75
07/13/20,1606.43,1606.43,1606.43,1606.43
7/10/2020,1591.84,1591.84,1591.84,1591.84
7/9/2020,1583.25,1583.25,1583.25,1583.25
7/8/2020,1583.5,1583.5,1583.5,1583.5
7/7/2020,1566.72,1566.72,1566.72,1566.72
7/6/2020,1576.9,1576.9,1576.9,1576.9
7/3/2020,1552.65,1552.65,1552.65,1552.65
7/2/2020,1536.28,1536.28,1536.28,1536.28
7/1/2020,1514.43,1514.43,1514.43,1514.43
06/30/20,1500.97,1500.97,1500.97,1500.97
06/29/20,1494.43,1494.43,1494.43,1494.43
06/26/20,1488.14,1488.14,1488.14,1488.14
06/25/20,1489.2,1489.2,1489.2,1489.2
06/24/20,1502.63,1502.63,1502.63,1502.63
06/23/20,1507.04,1507.04,1507.04,1507.04
06/22/20,1511.24,1511.24,1511.24,1511.24
06/19/20,1507.26,1507.26,1507.26,1507.26
06/18/20,1504.91,1504.91,1504.91,1504.91
06/17/20,1526.32,1526.32,1526.32,1526.32
06/16/20,1517.71,1517.71,1517.71,1517.71
06/15/20,1498.83,1498.83,1498.83,1498.83
6/12/2020,1546.02,1546.02,1546.02,1546.02
6/11/2020,1557.25,1557.25,1557.25,1557.25
6/10/2020,1575.27,1575.27,1575.27,1575.27
6/9/2020,1575.16,1575.16,1575.16,1575.16
6/5/2020,1556.33,1556.33,1556.33,1556.33
6/4/2020,1561.84,1561.84,1561.84,1561.84
6/3/2020,1538.53,1538.53,1538.53,1538.53
6/2/2020,1507.69,1507.69,1507.69,1507.69
6/1/2020,1490.14,1490.14,1490.14,1490.14
05/29/20,1473.25,1473.25,1473.25,1473.25
05/28/20,1457.5,1457.5,1457.5,1457.5
05/27/20,1451.73,1451.73,1451.73,1451.73
05/22/20,1436.76,1436.76,1436.76,1436.76
05/21/20,1452.11,1452.11,1452.11,1452.11
05/20/20,1435.12,1435.12,1435.12,1435.12
05/19/20,1423.97,1423.97,1423.97,1423.97
05/18/20,1410.16,1410.16,1410.16,1410.16
05/15/20,1403.44,1403.44,1403.44,1403.44
05/14/20,1397.25,1397.25,1397.25,1397.25
05/13/20,1397.13,1397.13,1397.13,1397.13
5/12/2020,1379.93,1379.93,1379.93,1379.93
5/8/2020,1382.31,1382.31,1382.31,1382.31
5/6/2020,1376.93,1376.93,1376.93,1376.93
5/5/2020,1389.55,1389.55,1389.55,1389.55
5/4/2020,1376.59,1376.59,1376.59,1376.59
04/30/20,1407.78,1418.42,1383.96,1407.78
04/29/20,1380.3,1380.3,1380.3,1380.3
04/28/20,1372.2,1372.2,1372.2,1372.2
04/27/20,1370.16,1370.16,1370.16,1370.16
04/24/20,1369.85,1369.85,1369.85,1369.85
04/23/20,1381.64,1381.64,1381.64,1381.64
04/22/20,1381.89,1381.89,1381.89,1381.89
04/21/20,1381.73,1381.73,1381.73,1381.73
04/20/20,1413.12,1413.12,1413.12,1413.12
04/17/20,1407.34,1407.34,1407.34,1407.34
04/16/20,1386.53,1386.53,1386.53,1386.53
04/15/20,1387.79,1387.79,1387.79,1387.79
04/14/20,1371.66,1371.66,1371.66,1371.66
04/13/20,1356.03,1356.03,1356.03,1356.03
4/10/2020,1357.5,1357.5,1357.5,1357.5
4/9/2020,1369.76,1369.76,1369.76,1369.76
4/8/2020,1361.39,1361.39,1361.39,1361.39
4/7/2020,1369.92,1369.92,1369.92,1369.92
4/6/2020,1341.69,1341.69,1341.69,1341.69
4/3/2020,1330.65,1330.65,1330.65,1330.65
4/2/2020,1330.9,1330.9,1330.9,1330.9
4/1/2020,1322.66,1322.66,1322.66,1322.66
03/31/20,1350.89,1350.89,1350.89,1350.89
03/30/20,1328.88,1328.88,1328.88,1328.88
03/27/20,1343.09,1343.09,1343.09,1343.09
03/26/20,1328.09,1328.09,1328.09,1328.09
03/25/20,1324.5,1324.5,1324.5,1324.5
03/24/20,1291.14,1291.14,1291.14,1291.14
03/23/20,1259.88,1259.88,1259.88,1259.88
03/20/20,1303.28,1303.28,1303.28,1303.28
03/19/20,1219.72,1219.72,1219.72,1219.72
03/18/20,1239.01,1239.01,1239.01,1239.01
03/17/20,1256.58,1256.58,1256.58,1256.58
03/16/20,1280.63,1280.63,1280.63,1280.63
03/13/20,1344.75,1344.75,1344.75,1344.75
3/12/2020,1419.43,1419.43,1419.43,1419.43
3/11/2020,1443.83,1443.83,1443.83,1443.83
3/10/2020,1430.47,1430.47,1430.47,1430.47
3/9/2020,1424.16,1424.16,1424.16,1424.16
3/6/2020,1483.1,1483.1,1483.1,1483.1
3/5/2020,1491.03,1491.03,1491.03,1491.03
3/4/2020,1489.95,1489.95,1489.95,1489.95
3/3/2020,1478.64,1478.64,1478.64,1478.64
3/2/2020,1466.94,1466.94,1466.94,1466.94
02/28/20,1482.64,1482.64,1482.64,1482.64
02/27/20,1505.59,1505.59,1505.59,1505.59
02/26/20,1495.19,1495.19,1495.19,1495.19
02/25/20,1500.88,1500.88,1500.88,1500.88
02/24/20,1490.06,1490.06,1490.06,1490.06
02/21/20,1531.2,1531.2,1531.2,1531.2
02/20/20,1534.98,1534.98,1534.98,1534.98
02/19/20,1534.16,1534.16,1534.16,1534.16
02/18/20,1537.08,1537.08,1537.08,1537.08
02/17/20,1537.12,1537.12,1537.12,1537.12
02/14/20,1544.46,1544.46,1544.46,1544.46
02/13/20,1539.16,1539.16,1539.16,1539.16
2/12/2020,1542.94,1542.94,1542.94,1542.94
2/11/2020,1551.48,1551.48,1551.48,1551.48
2/10/2020,1542.8,1542.8,1542.8,1542.8
2/7/2020,1554.49,1554.49,1554.49,1554.49
2/6/2020,1552.77,1552.77,1552.77,1552.77
2/5/2020,1536.79,1536.79,1536.79,1536.79
2/4/2020,1535.8,1535.8,1535.8,1535.8
2/3/2020,1521.95,1521.95,1521.95,1521.95
01/31/20,1531.06,1531.06,1531.06,1531.06
01/30/20,1545.59,1545.59,1545.59,1545.59
01/29/20,1550.47,1550.47,1550.47,1550.47
01/28/20,1551.64,1551.64,1551.64,1551.64
01/24/20,1572.81,1572.81,1572.81,1572.81
01/23/20,1574.44,1574.44,1574.44,1574.44
01/22/20,1577.98,1577.98,1577.98,1577.98
01/21/20,1587.33,1587.33,1587.33,1587.33
01/20/20,1588.88,1588.88,1588.88,1588.88
01/17/20,1595.81,1595.81,1595.81,1595.81
01/16/20,1587.88,1587.88,1587.88,1587.88
01/15/20,1585.14,1585.14,1585.14,1585.14
01/14/20,1580.6,1580.6,1580.6,1580.6
01/13/20,1584.73,1584.73,1584.73,1584.73
1/10/2020,1591.46,1591.46,1591.46,1591.46
1/9/2020,1595.65,1595.65,1595.65,1595.65
1/8/2020,1589.1,1589.1,1589.1,1589.1
1/7/2020,1611.04,1611.04,1611.04,1611.04
1/6/2020,1597.76,1597.76,1597.76,1597.76
1/3/2020,1611.38,1611.38,1611.38,1611.38
1/2/2020,1602.5,1602.5,1602.5,1602.5
12/31/19,1588.76,1588.76,1588.76,1588.76
12/30/19,1615.67,1615.67,1615.67,1615.67
12/27/19,1610.61,1610.61,1610.61,1610.61
12/26/19,1603.55,1603.55,1603.55,1603.55
12/24/19,1604.23,1604.23,1604.23,1604.23
12/23/19,1614.18,1614.18,1614.18,1614.18
12/20/19,1610.18,1610.18,1610.18,1610.18
12/19/19,1596.01,1596.01,1596.01,1596.01
12/18/19,1599.11,1599.11,1599.11,1599.11
12/17/19,1576.95,1576.95,1576.95,1576.95
12/16/19,1569.35,1569.35,1569.35,1569.35
12/13/19,1571.16,1571.16,1571.16,1571.16
12/12/2019,1567.34,1567.34,1567.34,1567.34
12/11/2019,1563.19,1563.19,1563.19,1563.19
12/10/2019,1561.79,1561.79,1561.79,1561.79
12/9/2019,1562.71,1562.71,1562.71,1562.71
12/6/2019,1568.44,1568.44,1568.44,1568.44
12/5/2019,1563.58,1563.58,1563.58,1563.58
12/4/2019,1560.93,1560.93,1560.93,1560.93
12/3/2019,1562.27,1562.27,1562.27,1562.27
12/2/2019,1570.55,1570.55,1570.55,1570.55
11/29/19,1561.74,1561.74,1561.74,1561.74
11/28/19,1583.77,1588.51,1582.28,1583.77
11/27/19,1587.18,1587.18,1587.18,1587.18
11/26/19,1583.87,1583.87,1583.87,1583.87
11/25/19,1591.35,1591.35,1591.35,1591.35
11/22/19,1596.84,1596.84,1596.84,1596.84
11/21/19,1592.19,1592.19,1592.19,1592.19
11/20/19,1601.14,1601.14,1601.14,1601.14
11/19/19,1605.31,1605.31,1605.31,1605.31
11/18/19,1604.36,1604.36,1604.36,1604.36
11/15/19,1594.75,1594.75,1594.75,1594.75
11/14/19,1593.55,1593.55,1593.55,1593.55
11/13/19,1597.22,1597.22,1597.22,1597.22
11/12/2019,1609.73,1609.73,1609.73,1609.73
11/11/2019,1608.15,1608.15,1608.15,1608.15
11/8/2019,1609.73,1609.73,1609.73,1609.73
11/7/2019,1609.33,1609.33,1609.33,1609.33
11/6/2019,1603.25,1603.25,1603.25,1603.25
11/5/2019,1606.74,1606.74,1606.74,1606.74
11/4/2019,1603.56,1603.56,1603.56,1603.56
11/1/2019,1593.34,1593.34,1593.34,1593.34
10/31/19,1597.98,1597.98,1597.98,1597.98
10/30/19,1580,1580,1580,1580
10/29/19,1577.79,1577.79,1577.79,1577.79
10/25/19,1570,1570,1570,1570
10/24/19,1571.11,1571.11,1571.11,1571.11
10/23/19,1568.79,1568.79,1568.79,1568.79
10/22/19,1574.09,1574.09,1574.09,1574.09
10/21/19,1570.93,1570.93,1570.93,1570.93
10/18/19,1571.15,1571.15,1571.15,1571.15
10/17/19,1574.5,1574.5,1574.5,1574.5
10/16/19,1574.9,1574.9,1574.9,1574.9
10/15/19,1566.23,1566.23,1566.23,1566.23
10/14/19,1567.59,1567.59,1567.59,1567.59
10/11/2019,1556.84,1556.84,1556.84,1556.84
10/10/2019,1551.87,1551.87,1551.87,1551.87
10/9/2019,1551.23,1551.23,1551.23,1551.23
10/8/2019,1558.79,1558.79,1558.79,1558.79
10/7/2019,1559,1559,1559,1559
10/4/2019,1557.67,1557.67,1557.67,1557.67
10/3/2019,1564.12,1564.12,1564.12,1564.12
10/2/2019,1574.9,1574.9,1574.9,1574.9
10/1/2019,1589.44,1589.44,1589.44,1589.44
09/30/19,1583.91,1583.91,1583.91,1583.91
09/27/19,1584.14,1584.14,1584.14,1584.14
09/26/19,1593,1593,1593,1593
09/25/19,1589.58,1589.58,1589.58,1589.58
09/24/19,1592.33,1592.33,1592.33,1592.33
09/23/19,1592.93,1592.93,1592.93,1592.93
09/20/19,1597.41,1597.41,1597.41,1597.41
09/19/19,1596.28,1596.28,1596.28,1596.28
09/18/19,1599.49,1599.49,1599.49,1599.49
09/17/19,1604.3,1604.3,1604.3,1604.3
09/13/19,1601.25,1601.25,1601.25,1601.25
9/12/2019,1601,1601,1601,1601
9/11/2019,1602.3,1602.3,1602.3,1602.3
9/10/2019,1595.85,1595.85,1595.85,1595.85
9/6/2019,1604.47,1604.47,1604.47,1604.47
9/5/2019,1599.75,1599.75,1599.75,1599.75
9/4/2019,1599.89,1599.89,1599.89,1599.89
9/3/2019,1591.52,1591.52,1591.52,1591.52
08/30/19,1612.14,1612.14,1612.14,1612.14
08/29/19,1595.18,1595.18,1595.18,1595.18
08/28/19,1589.82,1589.82,1589.82,1589.82
08/27/19,1590.84,1590.84,1590.84,1590.84
08/26/19,1600.53,1600.53,1600.53,1600.53
08/23/19,1609.33,1609.33,1609.33,1609.33
08/22/19,1602.47,1602.47,1602.47,1602.47
08/21/19,1594.59,1594.59,1594.59,1594.59
08/20/19,1602.75,1602.75,1602.75,1602.75
08/19/19,1596.45,1596.45,1596.45,1596.45
08/16/19,1599.22,1599.22,1599.22,1599.22
08/15/19,1600.29,1600.29,1600.29,1600.29
08/14/19,1600.31,1600.31,1600.31,1600.31
08/13/19,1592.88,1592.88,1592.88,1592.88
8/9/2019,1615.05,1615.05,1615.05,1615.05
8/8/2019,1616.02,1616.02,1616.02,1616.02
8/7/2019,1604.7,1604.7,1604.7,1604.7
8/6/2019,1611.79,1611.79,1611.79,1611.79
8/5/2019,1610.41,1610.41,1610.41,1610.41
8/2/2019,1626.76,1626.76,1626.76,1626.76
8/1/2019,1639.07,1639.07,1639.07,1639.07
07/31/19,1634.87,1634.87,1634.87,1634.87
07/29/19,1642.69,1642.69,1642.69,1642.69
07/26/19,1647.96,1647.96,1647.96,1647.96
07/25/19,1656.58,1656.58,1656.58,1656.58
07/24/19,1652.41,1652.41,1652.41,1652.41
07/23/19,1655.67,1655.67,1655.67,1655.67
07/22/19,1655.4,1655.4,1655.4,1655.4
07/19/19,1658.19,1658.19,1658.19,1658.19
07/18/19,1648.93,1648.93,1648.93,1648.93
07/17/19,1657.53,1657.53,1657.53,1657.53
07/16/19,1668.94,1668.94,1668.94,1668.94
07/15/19,1672.37,1672.37,1672.37,1672.37
7/12/2019,1669.45,1669.45,1669.45,1669.45
7/11/2019,1679.26,1679.26,1679.26,1679.26
7/10/2019,1678.97,1678.97,1678.97,1678.97
7/9/2019,1682.87,1682.87,1682.87,1682.87
7/8/2019,1677.64,1677.64,1677.64,1677.64
7/5/2019,1682.53,1682.53,1682.53,1682.53
7/4/2019,1687.48,1687.48,1687.48,1687.48
7/3/2019,1690.05,1690.05,1690.05,1690.05
7/2/2019,1691,1691,1691,1691
7/1/2019,1683.62,1683.62,1683.62,1683.62
06/28/19,1672.13,1672.13,1672.13,1672.13
06/27/19,1672.7,1672.7,1672.7,1672.7
06/26/19,1674.49,1674.49,1674.49,1674.49
06/25/19,1676.61,1676.61,1676.61,1676.61
06/24/19,1676.13,1676.13,1676.13,1676.13
06/21/19,1682.23,1682.23,1682.23,1682.23
06/20/19,1675.43,1675.43,1675.43,1675.43
06/19/19,1666.54,1666.54,1666.54,1666.54
06/18/19,1652.76,1652.76,1652.76,1652.76
06/17/19,1638.4,1638.4,1638.4,1638.4
06/14/19,1638.63,1638.63,1638.63,1638.63
06/13/19,1643.74,1643.74,1643.74,1643.74
6/12/2019,1650.74,1650.74,1650.74,1650.74
6/11/2019,1651.2,1651.2,1651.2,1651.2
6/10/2019,1655.47,1655.47,1655.47,1655.47
6/7/2019,1649.33,1649.33,1649.33,1649.33
6/4/2019,1644.09,1644.09,1644.09,1644.09
6/3/2019,1655.31,1655.31,1655.31,1655.31
05/31/19,1650.76,1650.76,1650.76,1650.76
05/30/19,1636.5,1636.5,1636.5,1636.5
05/29/19,1623.67,1623.67,1623.67,1623.67
05/28/19,1614.57,1614.57,1602.15,1614.57
05/27/19,1601.35,1601.35,1601.35,1601.35
05/24/19,1598.32,1598.32,1598.32,1598.32
05/23/19,1601.87,1601.87,1601.87,1601.87
05/21/19,1603.74,1603.74,1603.74,1603.74
05/17/19,1605.36,1605.36,1605.36,1605.36
05/16/19,1599.19,1599.19,1599.19,1599.19
05/15/19,1611.43,1611.43,1611.43,1611.43
05/14/19,1599.19,1599.19,1599.19,1599.19
05/13/19,1601.09,1601.09,1601.09,1601.09
5/10/2019,1610.27,1610.27,1610.27,1610.27
5/9/2019,1618.53,1618.53,1618.53,1618.53
5/8/2019,1633.55,1633.55,1633.55,1633.55
5/7/2019,1639.37,1639.37,1639.37,1639.37
5/6/2019,1632.8,1632.8,1632.8,1632.8
5/3/2019,1637.3,1637.3,1637.3,1637.3
5/2/2019,1642.46,1644.35,1631.27,1632.24
04/30/19,1642.29,1642.29,1642.29,1642.29
04/29/19,1637.4,1637.4,1637.4,1637.4
04/26/19,1638.38,1638.38,1638.38,1638.38
04/25/19,1635.68,1635.68,1635.68,1635.68
04/24/19,1638.01,1638.01,1638.01,1638.01
04/23/19,1627.44,1627.44,1627.44,1627.44
04/22/19,1622.06,1622.06,1622.06,1622.06
04/19/19,1622.07,1622.07,1622.07,1622.07
04/18/19,1619.73,1619.73,1619.73,1619.73
04/17/19,1620.9,1620.9,1620.9,1620.9
04/16/19,1629.46,1629.46,1629.46,1629.46
04/15/19,1631.33,1631.33,1631.33,1631.33
4/12/2019,1630.17,1630.17,1630.17,1630.17
4/11/2019,1624.23,1624.23,1624.23,1624.23
4/10/2019,1639.46,1639.46,1639.46,1639.46
4/9/2019,1641.94,1641.94,1641.94,1641.94
4/8/2019,1644.35,1644.35,1644.35,1644.35
4/5/2019,1641.81,1641.81,1641.81,1641.81
4/4/2019,1645.07,1645.07,1645.07,1645.07
4/3/2019,1643.21,1643.21,1643.21,1643.21
4/2/2019,1632.83,1632.83,1632.83,1632.83
4/1/2019,1628.66,1628.66,1628.66,1628.66
03/29/19,1643.63,1643.63,1643.63,1643.63
03/28/19,1641.33,1641.33,1641.33,1641.33
03/27/19,1642.73,1642.73,1642.73,1642.73
03/26/19,1649.94,1649.94,1649.94,1649.94
03/25/19,1649.15,1649.15,1649.15,1649.15
03/22/19,1666.66,1666.66,1666.66,1666.66
03/21/19,1663.66,1663.66,1663.66,1663.66
03/20/19,1684.21,1684.21,1684.21,1684.21
03/19/19,1687.68,1687.68,1687.68,1687.68
03/18/19,1690.94,1690.94,1690.94,1690.94
03/15/19,1680.54,1680.54,1680.54,1680.54
03/14/19,1674.52,1674.52,1674.52,1674.52
03/13/19,1678.24,1678.24,1678.24,1678.24
3/12/2019,1671.28,1671.28,1671.28,1671.28
3/11/2019,1664.63,1664.63,1664.63,1664.63
3/8/2019,1679.9,1679.9,1679.9,1679.9
3/7/2019,1686.95,1686.95,1686.95,1686.95
3/6/2019,1686.82,1686.82,1686.82,1686.82
3/5/2019,1685.62,1685.62,1685.62,1685.62
3/4/2019,1693.99,1693.99,1693.99,1693.99
3/1/2019,1700.76,1700.76,1700.76,1700.76
02/28/19,1707.73,1707.73,1707.73,1707.73
02/27/19,1713.45,1713.45,1713.45,1713.45
02/26/19,1719,1719,1719,1719
02/25/19,1724.58,1724.58,1724.58,1724.58
02/22/19,1721.42,1721.42,1721.42,1721.42
02/21/19,1730.68,1730.68,1730.68,1730.68
02/20/19,1726.18,1726.18,1726.18,1726.18
02/19/19,1706.56,1706.56,1706.56,1706.56
02/18/19,1692.74,1692.74,1692.74,1692.74
02/15/19,1688.83,1688.83,1688.83,1688.83
02/14/19,1689.06,1689.06,1689.06,1689.06
02/13/19,1685.3,1685.3,1685.3,1685.3
2/12/2019,1687.41,1687.41,1687.41,1687.41
2/11/2019,1688.56,1688.56,1688.56,1688.56
2/8/2019,1686.52,1686.52,1686.52,1686.52
2/7/2019,1693.39,1693.39,1693.39,1693.39
2/6/2019,1683.61,1683.61,1683.61,1683.61
2/5/2019,1683.61,1683.61,1683.61,1683.61
2/4/2019,1683.61,1683.61,1683.61,1683.61
2/1/2019,1683.53,1683.53,1683.53,1683.53
01/31/19,1683.53,1683.53,1683.53,1683.53
01/30/19,1684.11,1684.11,1684.11,1684.11
01/29/19,1690.41,1690.41,1690.41,1690.41
01/28/19,1697.5,1697.5,1697.5,1697.5
01/25/19,1701.03,1701.03,1701.03,1701.03
01/24/19,1693.59,1693.59,1693.59,1693.59
01/23/19,1688.14,1688.14,1688.14,1688.14
01/22/19,1702.12,1702.12,1702.12,1702.12
01/18/19,1692.22,1692.22,1692.22,1692.22
01/17/19,1682.97,1682.97,1682.97,1682.97
01/16/19,1673.08,1673.08,1673.08,1673.08
01/15/19,1679.42,1679.42,1679.42,1679.42
01/14/19,1676.16,1676.16,1676.16,1676.16
1/11/2019,1683.22,1683.22,1683.22,1683.22
1/10/2019,1678.88,1678.88,1678.88,1678.88
1/9/2019,1667.83,1667.83,1667.83,1667.83
1/8/2019,1672.76,1672.76,1672.76,1672.76
1/7/2019,1679.17,1679.17,1679.17,1679.17
1/4/2019,1669.78,1669.78,1669.78,1669.78
1/3/2019,1675.83,1675.83,1675.83,1675.83
1/2/2019,1668.11,1668.11,1668.11,1668.11
12/31/18,1690.58,1690.58,1690.58,1690.58
12/28/18,1692.07,1692.07,1692.07,1692.07
12/27/18,1690.72,1690.72,1690.72,1690.72
12/26/18,1672.6,1672.6,1672.6,1672.6
12/24/18,1683.82,1683.82,1683.82,1683.82
12/21/18,1670.28,1670.28,1670.28,1670.28
12/20/18,1650.56,1650.56,1650.56,1650.56
12/19/18,1655.66,1655.66,1655.66,1655.66
12/18/18,1635.31,1635.31,1635.31,1635.31
12/17/18,1641.62,1641.62,1641.62,1641.62
12/14/18,1661.96,1661.96,1661.96,1661.96
12/13/18,1676,1676,1676,1676
12/12/2018,1663.27,1663.27,1663.27,1663.27
12/11/2018,1652.63,1652.63,1652.63,1652.63
12/10/2018,1663.31,1663.31,1663.31,1663.31
12/7/2018,1680.54,1680.54,1680.54,1680.54
12/6/2018,1683.34,1683.34,1683.34,1683.34
12/5/2018,1688.27,1688.27,1688.27,1688.27
12/4/2018,1694.99,1694.99,1694.99,1694.99
12/3/2018,1699.72,1699.72,1699.72,1699.72
11/30/18,1679.86,1679.86,1679.86,1679.86
11/29/18,1696.34,1696.34,1696.34,1696.34
11/28/18,1686.55,1686.55,1686.55,1686.55
11/27/18,1684.97,1684.97,1684.97,1684.97
11/26/18,1701.99,1701.99,1701.99,1701.99
11/23/18,1695.88,1695.88,1695.88,1695.88
11/22/18,1695.62,1695.62,1695.62,1695.62
11/21/18,1695.37,1695.37,1695.37,1695.37
11/20/18,1710.71,1710.71,1710.71,1710.71
11/19/18,1710.71,1710.71,1710.71,1710.71
11/16/18,1706.38,1706.38,1706.38,1706.38
11/15/18,1694.21,1694.21,1694.21,1694.21
11/14/18,1688.41,1688.41,1688.41,1688.41
11/13/18,1687.57,1687.57,1687.57,1687.57
11/12/2018,1696.14,1696.14,1696.14,1696.14
11/9/2018,1708.09,1708.09,1708.09,1708.09
11/8/2018,1721.42,1721.42,1721.42,1721.42
11/7/2018,1714.88,1714.88,1714.88,1714.88
11/6/2018,1708.8,1708.8,1708.8,1708.8
11/5/2018,1708.8,1708.8,1708.8,1708.8
11/2/2018,1713.87,1713.87,1713.87,1713.87
11/1/2018,1706.92,1706.92,1706.92,1706.92
10/31/18,1709.27,1709.27,1709.27,1709.27
10/30/18,1685.94,1685.94,1685.94,1685.94
10/29/18,1683.73,1683.73,1683.73,1683.73
10/26/18,1683.06,1683.06,1683.06,1683.06
10/25/18,1686.59,1686.59,1686.59,1686.59
10/24/18,1690.04,1690.04,1690.04,1690.04
10/23/18,1697.6,1697.6,1697.6,1697.6
10/22/18,1722.47,1722.47,1722.47,1722.47
10/19/18,1732.14,1732.14,1732.14,1732.14
10/18/18,1738.01,1738.01,1738.01,1738.01
10/17/18,1740.59,1740.59,1740.59,1740.59
10/16/18,1736.84,1736.84,1736.84,1736.84
10/15/18,1728.74,1728.74,1728.74,1728.74
10/12/2018,1730.74,1730.74,1730.74,1730.74
10/11/2018,1708.49,1708.49,1708.49,1708.49
10/10/2018,1735.18,1735.18,1735.18,1735.18
10/9/2018,1774.15,1774.15,1774.15,1774.15
10/8/2018,1775.75,1775.75,1775.75,1775.75
10/5/2018,1777.15,1777.15,1777.15,1777.15
10/4/2018,1790.11,1790.11,1790.11,1790.11
10/3/2018,1796.3,1796.3,1796.3,1796.3
10/2/2018,1798.15,1798.15,1798.15,1798.15
10/1/2018,1792.46,1792.46,1792.46,1792.46
09/28/18,1793.15,1793.15,1793.15,1793.15
09/27/18,1798.64,1798.64,1798.64,1798.64
09/26/18,1798.72,1798.72,1798.72,1798.72
09/25/18,1794.47,1794.47,1794.47,1794.47
09/24/18,1800.17,1800.17,1800.17,1800.17
09/21/18,1810.64,1810.64,1810.64,1810.64
09/20/18,1803.7,1803.7,1803.7,1803.7
09/19/18,1800.71,1800.71,1800.71,1800.71
09/18/18,1792.94,1792.94,1792.94,1792.94
09/17/18,1803.76,1803.76,1803.76,1803.76
09/14/18,1803.76,1803.76,1803.76,1803.76
09/13/18,1792.6,1792.6,1792.6,1792.6
9/12/2018,1785.25,1785.25,1785.25,1785.25
9/11/2018,1799.17,1799.17,1799.17,1799.17
9/10/2018,1799.17,1799.17,1799.17,1799.17
9/7/2018,1799.17,1799.17,1799.17,1799.17
9/6/2018,1798.57,1798.57,1798.57,1798.57
9/5/2018,1795.5,1795.5,1795.5,1795.5
9/4/2018,1812.76,1812.76,1812.76,1812.76
9/3/2018,1813.58,1813.58,1813.58,1813.58
08/31/18,1819.66,1819.66,1819.66,1819.66
08/30/18,1819.66,1819.66,1819.66,1819.66
08/29/18,1820.64,1820.64,1820.64,1820.64
08/28/18,1826.9,1826.9,1826.9,1826.9
08/27/18,1811.6,1811.6,1811.6,1811.6
08/24/18,1808.59,1808.59,1808.59,1808.59
08/23/18,1810.87,1810.87,1810.87,1810.87
08/22/18,1798.11,1798.11,1798.11,1798.11
08/21/18,1798.11,1798.11,1798.11,1798.11
08/20/18,1787.58,1787.58,1787.58,1787.58
08/17/18,1783.47,1783.47,1783.47,1783.47
08/16/18,1777.27,1777.27,1777.27,1777.27
08/15/18,1785.94,1785.94,1785.94,1785.94
08/14/18,1783.78,1783.78,1783.78,1783.78
08/13/18,1783.34,1783.34,1783.34,1783.34
8/10/2018,1805.75,1805.75,1805.75,1805.75
8/9/2018,1804.95,1804.95,1804.95,1804.95
8/8/2018,1804.73,1804.73,1804.73,1804.73
8/7/2018,1791.09,1791.09,1791.09,1791.09
8/6/2018,1779.75,1779.75,1779.75,1779.75
8/3/2018,1780.09,1780.09,1780.09,1780.09
8/2/2018,1778.13,1778.13,1778.13,1778.13
8/1/2018,1788.31,1788.31,1788.31,1788.31
07/31/18,1784.25,1784.25,1784.25,1784.25
07/30/18,1770.26,1770.26,1770.26,1770.26
07/27/18,1769.14,1769.14,1769.14,1769.14
07/26/18,1766.23,1766.23,1766.23,1766.23
07/25/18,1763.78,1763.78,1763.78,1763.78
07/24/18,1762.93,1762.93,1762.93,1762.93
07/23/18,1757.96,1757.96,1757.96,1757.96
07/20/18,1754.67,1754.67,1754.67,1754.67
07/19/18,1759.24,1759.24,1759.24,1759.24
07/18/18,1753.07,1753.07,1753.07,1753.07
07/17/18,1737.28,1737.28,1737.28,1737.28
07/16/18,1726.67,1726.67,1726.67,1726.67
07/13/18,1721.93,1721.93,1721.93,1721.93
7/12/2018,1703.57,1703.57,1703.57,1703.57
7/11/2018,1688.77,1688.77,1688.77,1688.77
7/10/2018,1687.13,1687.13,1687.13,1687.13
7/9/2018,1672.63,1672.63,1672.63,1672.63
7/6/2018,1663.86,1663.86,1663.86,1663.86
7/5/2018,1690.65,1690.65,1690.65,1690.65
7/4/2018,1688.45,1688.45,1688.45,1688.45
7/3/2018,1680.37,1680.37,1680.37,1680.37
7/2/2018,1685.05,1685.05,1685.05,1685.05
06/29/18,1691.5,1691.5,1691.5,1691.5
06/28/18,1665.68,1665.68,1665.68,1665.68
06/27/18,1666.08,1666.08,1666.08,1666.08
06/26/18,1675.86,1675.86,1675.86,1675.86
06/25/18,1678.1,1678.1,1678.1,1678.1
06/22/18,1694.15,1694.15,1694.15,1694.15
06/21/18,1692.32,1692.32,1692.32,1692.32
06/20/18,1709.75,1709.75,1709.75,1709.75
06/19/18,1715.36,1715.36,1715.36,1715.36
06/18/18,1743.43,1743.43,1743.43,1743.43
06/15/18,1761.78,1761.78,1761.78,1761.78
06/14/18,1761.78,1761.78,1761.78,1761.78
06/13/18,1763.57,1763.57,1763.57,1763.57
6/12/2018,1764.16,1764.16,1764.16,1764.16
6/11/2018,1775.8,1775.8,1775.8,1775.8
6/8/2018,1778.32,1778.32,1778.32,1778.32
6/7/2018,1785.81,1785.81,1785.81,1785.81
6/6/2018,1777.13,1777.13,1777.13,1777.13
6/5/2018,1755.14,1755.14,1755.14,1755.14
6/4/2018,1755.17,1755.17,1755.17,1755.17
6/1/2018,1756.38,1756.38,1756.38,1756.38
05/31/18,1740.62,1740.62,1740.62,1740.62
05/30/18,1719.28,1719.28,1719.28,1719.28
05/29/18,1775.84,1775.84,1775.84,1775.84
05/28/18,1775.84,1775.84,1775.84,1775.84
05/25/18,1797.4,1797.4,1797.4,1797.4
05/24/18,1775.66,1775.66,1775.66,1775.66
05/23/18,1804.25,1804.25,1804.25,1804.25
05/22/18,1845.03,1845.03,1845.03,1845.03
05/21/18,1853.58,1853.58,1853.58,1853.58
05/18/18,1854.5,1854.5,1854.5,1854.5
05/17/18,1854.44,1854.44,1854.44,1854.44
05/16/18,1858.26,1858.26,1858.26,1858.26
05/15/18,1848.2,1848.2,1848.2,1848.2
05/14/18,1850.42,1850.42,1850.42,1850.42
5/11/2018,1846.51,1846.51,1846.51,1846.51
5/10/2018,1846.51,1846.51,1846.51,1846.51
5/9/2018,1846.51,1846.51,1846.51,1846.51
5/8/2018,1846.51,1846.51,1846.51,1846.51
5/7/2018,1828.2,1828.2,1828.2,1828.2
5/4/2018,1841.83,1841.83,1841.83,1841.83
5/3/2018,1851.8,1851.8,1851.8,1851.8
5/2/2018,1852.03,1852.03,1852.03,1852.03
5/1/2018,1870.37,1870.37,1870.37,1870.37
04/30/18,1870.37,1870.37,1870.37,1870.37
04/27/18,1863.47,1863.47,1863.47,1863.47
04/26/18,1852.27,1852.27,1852.27,1852.27
04/25/18,1851.93,1851.93,1851.93,1851.93
04/24/18,1865.34,1865.34,1865.34,1865.34
04/23/18,1880.36,1880.36,1880.36,1880.36
04/20/18,1887.75,1887.75,1887.75,1887.75
04/19/18,1895.18,1895.18,1895.18,1895.18
04/18/18,1879.32,1879.32,1879.32,1879.32
04/17/18,1880.49,1880.49,1880.49,1880.49
04/16/18,1878.76,1878.76,1878.76,1878.76
04/13/18,1868.47,1868.47,1868.47,1868.47
4/12/2018,1873.62,1873.62,1873.62,1873.62
4/11/2018,1869.89,1869.89,1869.89,1869.89
4/10/2018,1860.98,1860.98,1860.98,1860.98
4/9/2018,1849.71,1849.71,1849.71,1849.71
4/6/2018,1837.01,1837.01,1837.01,1837.01
4/5/2018,1836.13,1836.13,1836.13,1836.13
4/4/2018,1815.94,1815.94,1815.94,1815.94
4/3/2018,1850.78,1850.78,1850.78,1850.78
4/2/2018,1858.35,1858.35,1858.35,1858.35
03/30/18,1863.46,1863.46,1863.46,1863.46
03/29/18,1856.35,1856.35,1856.35,1856.35
03/28/18,1857.87,1857.87,1857.87,1857.87
03/27/18,1862.45,1862.45,1862.45,1862.45
03/26/18,1859.91,1859.91,1859.91,1859.91
03/23/18,1865.22,1865.22,1865.22,1865.22
03/22/18,1876.87,1876.87,1876.87,1876.87
03/21/18,1865.8,1865.8,1865.8,1865.8
03/20/18,1856.39,1856.39,1856.39,1856.39
03/19/18,1847.94,1847.94,1847.94,1847.94
03/16/18,1846.39,1846.39,1846.39,1846.39
03/15/18,1845.27,1845.27,1845.27,1845.27
03/14/18,1857.06,1857.06,1857.06,1857.06
03/13/18,1864.03,1864.03,1864.03,1864.03
3/12/2018,1861.22,1861.22,1861.22,1861.22
3/9/2018,1843.92,1843.92,1843.92,1843.92
3/8/2018,1839.62,1839.62,1839.62,1839.62
3/7/2018,1837.9,1837.9,1837.9,1837.9
3/6/2018,1848.37,1848.37,1848.37,1848.37
3/5/2018,1842.62,1842.62,1842.62,1842.62
3/2/2018,1856.07,1856.07,1856.07,1856.07
3/1/2018,1860.86,1860.86,1860.86,1860.86
02/28/18,1856.2,1856.2,1856.2,1856.2
02/27/18,1871.46,1871.46,1871.46,1871.46
02/26/18,1860.08,1860.08,1860.08,1860.08
02/23/18,1861.5,1861.5,1861.5,1861.5
02/22/18,1855.07,1855.07,1855.07,1855.07
02/21/18,1858.17,1858.17,1858.17,1858.17
02/20/18,1855.99,1855.99,1855.99,1855.99
02/19/18,1857.32,1857.32,1857.32,1857.32
02/16/18,1838.28,1838.28,1838.28,1838.28
02/15/18,1838.28,1838.28,1838.28,1838.28
02/14/18,1834.93,1834.93,1834.93,1834.93
02/13/18,1833.02,1833.02,1833.02,1833.02
2/12/2018,1830.17,1830.17,1830.17,1830.17
2/9/2018,1819.82,1819.82,1819.82,1819.82
2/8/2018,1839.44,1839.44,1839.44,1839.44
2/7/2018,1836.68,1836.68,1836.68,1836.68
2/6/2018,1812.45,1812.45,1812.45,1812.45
2/5/2018,1853.07,1853.07,1853.07,1853.07
2/2/2018,1870.48,1870.48,1870.48,1870.48
2/1/2018,1868.58,1868.58,1868.58,1868.58
01/31/18,1868.58,1868.58,1868.58,1868.58
01/30/18,1868.58,1868.58,1868.58,1868.58
01/29/18,1870.52,1870.52,1870.52,1870.52
01/26/18,1853.92,1853.92,1853.92,1853.92
01/25/18,1845.86,1845.86,1845.86,1845.86
01/24/18,1837.04,1837.04,1837.04,1837.04
01/23/18,1838.04,1838.04,1838.04,1838.04
01/22/18,1833.15,1833.15,1833.15,1833.15
01/19/18,1828.83,1828.83,1828.83,1828.83
01/18/18,1821.6,1821.6,1821.6,1821.6
01/17/18,1828.63,1828.63,1828.63,1828.63
01/16/18,1826.03,1826.03,1826.03,1826.03
01/15/18,1825.91,1825.91,1825.91,1825.91
1/12/2018,1822.67,1822.67,1822.67,1822.67
1/11/2018,1816.88,1816.88,1816.88,1816.88
1/10/2018,1822.92,1822.92,1822.92,1822.92
1/9/2018,1826.95,1826.95,1826.95,1826.95
1/8/2018,1832.15,1832.15,1832.15,1832.15
1/5/2018,1817.97,1817.97,1817.97,1817.97
1/4/2018,1803.45,1803.45,1803.45,1803.45
1/3/2018,1792.79,1792.79,1792.79,1792.79
1/2/2018,1782.7,1782.7,1782.7,1782.7
12/29/17,1796.81,1796.81,1796.81,1796.81
12/28/17,1779.1,1779.1,1779.1,1779.1
12/27/17,1771.76,1771.76,1771.76,1771.76
12/26/17,1759.99,1759.99,1759.99,1759.99
12/22/17,1760.24,1760.24,1760.24,1760.24
12/21/17,1751.21,1751.21,1751.21,1751.21
12/20/17,1746.63,1746.63,1746.63,1746.63
12/19/17,1736.95,1736.95,1736.95,1736.95
12/18/17,1751.64,1751.64,1751.64,1751.64
12/15/17,1753.07,1753.07,1753.07,1753.07
12/14/17,1759,1759,1759,1759
12/13/17,1737.66,1737.66,1737.66,1737.66
12/12/2017,1729.57,1729.57,1729.57,1729.57
12/11/2017,1719.47,1719.47,1719.47,1719.47
12/8/2017,1721.25,1721.25,1721.25,1721.25
12/7/2017,1719.05,1719.05,1719.05,1719.05
12/6/2017,1718.33,1718.33,1718.33,1718.33
12/5/2017,1724.84,1724.84,1724.84,1724.84
12/4/2017,1713.13,1713.13,1713.13,1713.13
12/1/2017,1717.86,1717.86,1717.86,1717.86
11/30/17,1717.86,1717.86,1717.86,1717.86
11/29/17,1720.38,1720.38,1720.38,1720.38
11/28/17,1714.42,1714.42,1714.42,1714.42
11/27/17,1719.86,1719.86,1719.86,1719.86
11/24/17,1717.23,1717.23,1717.23,1717.23
11/23/17,1721.27,1721.27,1721.27,1721.27
11/22/17,1723.54,1723.54,1723.54,1723.54
11/21/17,1720.68,1720.68,1720.68,1720.68
11/20/17,1718.36,1718.36,1718.36,1718.36
11/17/17,1721.66,1721.66,1721.66,1721.66
11/16/17,1718.11,1718.11,1718.11,1718.11
11/15/17,1722.99,1722.99,1722.99,1722.99
11/14/17,1733.61,1733.61,1733.61,1733.61
11/13/17,1737.49,1737.49,1737.49,1737.49
11/10/2017,1742.28,1742.28,1742.28,1742.28
11/9/2017,1746.81,1746.81,1746.81,1746.81
11/8/2017,1744.2,1744.2,1744.2,1744.2
11/7/2017,1750.94,1750.94,1750.94,1750.94
11/6/2017,1742.29,1742.29,1742.29,1742.29
11/3/2017,1740.93,1740.93,1740.93,1740.93
11/2/2017,1741.05,1741.05,1741.05,1741.05
11/1/2017,1743.93,1743.93,1743.93,1743.93
10/31/17,1747.92,1747.92,1747.92,1747.92
10/30/17,1748.35,1748.35,1748.35,1748.35
10/27/17,1746.13,1746.13,1746.13,1746.13
10/26/17,1736.8,1736.8,1736.8,1736.8
10/25/17,1739.05,1739.05,1739.05,1739.05
10/24/17,1736.14,1736.14,1736.14,1736.14
10/23/17,1741.47,1741.47,1741.47,1741.47
10/20/17,1740.65,1740.65,1740.65,1740.65
10/19/17,1743.99,1743.99,1743.99,1743.99
10/18/17,1748.99,1748.99,1748.99,1748.99
10/17/17,1748.99,1748.99,1748.99,1748.99
10/16/17,1754.37,1754.37,1754.37,1754.37
10/13/17,1755.32,1755.32,1755.32,1755.32
10/12/2017,1754,1754,1754,1754
10/11/2017,1757.21,1757.21,1757.21,1757.21
10/10/2017,1761.13,1761.13,1761.13,1761.13
10/9/2017,1764.03,1764.03,1764.03,1764.03
10/6/2017,1764,1764,1764,1764
10/5/2017,1759.09,1759.09,1759.09,1759.09
10/4/2017,1761.84,1761.84,1761.84,1761.84
10/3/2017,1759.67,1759.67,1759.67,1759.67
10/2/2017,1754.78,1754.78,1754.78,1754.78
09/29/17,1755.58,1755.58,1755.58,1755.58
09/28/17,1758.06,1758.06,1758.06,1758.06
09/27/17,1764.24,1764.24,1764.24,1764.24
09/26/17,1765.59,1765.59,1765.59,1765.59
09/25/17,1769.14,1769.14,1769.14,1769.14
09/22/17,1771.04,1771.04,1771.04,1771.04
09/21/17,1771.04,1771.04,1771.04,1771.04
09/20/17,1773.58,1773.58,1773.58,1773.58
09/19/17,1776.66,1776.66,1776.66,1776.66
09/18/17,1783.66,1783.66,1783.66,1783.66
09/15/17,1786.33,1786.33,1786.33,1786.33
09/14/17,1781.37,1781.37,1781.37,1781.37
09/13/17,1786.07,1786.07,1786.07,1786.07
9/12/2017,1789.86,1789.86,1789.86,1789.86
9/11/2017,1782.74,1782.74,1782.74,1782.74
9/8/2017,1779.9,1779.9,1779.9,1779.9
9/7/2017,1782.98,1782.98,1782.98,1782.98
9/6/2017,1772.48,1772.48,1772.48,1772.48
9/5/2017,1769.63,1769.63,1769.63,1769.63
9/1/2017,1773.16,1773.16,1773.16,1773.16
08/31/17,1773.16,1773.16,1773.16,1773.16
08/30/17,1773.16,1773.16,1773.16,1773.16
08/29/17,1761.14,1761.14,1761.14,1761.14
08/28/17,1769.49,1769.49,1769.49,1769.49
08/25/17,1769.17,1769.17,1769.17,1769.17
08/24/17,1775.5,1775.5,1775.5,1775.5
08/23/17,1772.94,1772.94,1772.94,1772.94
08/22/17,1774.22,1774.22,1774.22,1774.22
08/21/17,1771.62,1771.62,1771.62,1771.62
08/18/17,1776.22,1776.22,1776.22,1776.22
08/17/17,1776.31,1776.31,1776.31,1776.31
08/16/17,1773.75,1773.75,1773.75,1773.75
08/15/17,1772.39,1772.39,1772.39,1772.39
08/14/17,1771.08,1771.08,1771.08,1771.08
8/11/2017,1766.96,1766.96,1766.96,1766.96
8/10/2017,1777.77,1777.77,1777.77,1777.77
8/9/2017,1777.94,1777.94,1777.94,1777.94
8/8/2017,1781.65,1781.65,1781.65,1781.65
8/7/2017,1777.91,1777.91,1777.91,1777.91
8/4/2017,1774.53,1774.53,1774.53,1774.53
8/3/2017,1771.9,1771.9,1771.9,1771.9
8/2/2017,1770.61,1770.61,1770.61,1770.61
8/1/2017,1765.13,1765.13,1765.13,1765.13
07/31/17,1760.03,1760.03,1760.03,1760.03
07/28/17,1767.08,1767.08,1767.08,1767.08
07/27/17,1770.07,1770.07,1770.07,1770.07
07/26/17,1766,1766,1766,1766
07/25/17,1763.34,1763.34,1763.34,1763.34
07/24/17,1761.99,1761.99,1761.99,1761.99
07/21/17,1759.16,1759.16,1759.16,1759.16
07/20/17,1755.63,1755.63,1755.63,1755.63
07/19/17,1757.27,1757.27,1757.27,1757.27
07/18/17,1754.92,1754.92,1754.92,1754.92
07/17/17,1755.19,1755.19,1755.19,1755.19
07/14/17,1755,1755,1755,1755
07/13/17,1753.78,1753.78,1753.78,1753.78
7/12/2017,1757.24,1757.24,1757.24,1757.24
7/11/2017,1755.03,1755.03,1755.03,1755.03
7/10/2017,1757.13,1757.13,1757.13,1757.13
7/7/2017,1759.93,1759.93,1759.93,1759.93
7/6/2017,1770.53,1770.53,1770.53,1770.53
7/5/2017,1768.16,1768.16,1768.16,1768.16
7/4/2017,1762.08,1762.08,1762.08,1762.08
7/3/2017,1768.67,1768.67,1768.67,1768.67
06/30/17,1763.67,1763.67,1763.67,1763.67
06/29/17,1771.36,1771.36,1771.36,1771.36
06/28/17,1771.23,1771.23,1771.23,1771.23
06/27/17,1779.45,1779.45,1779.45,1779.45
06/26/17,1779.45,1779.45,1779.45,1779.45
06/23/17,1779.45,1779.45,1779.45,1779.45
06/22/17,1777.43,1777.43,1777.43,1777.43
06/21/17,1775.57,1775.57,1775.57,1775.57
06/20/17,1780.71,1780.71,1780.71,1780.71
06/19/17,1788.9,1788.9,1788.9,1788.9
06/16/17,1791.31,1791.31,1791.31,1791.31
06/15/17,1790.01,1790.01,1790.01,1790.01
06/14/17,1792.35,1792.35,1792.35,1792.35
06/13/17,1784.44,1784.44,1784.44,1784.44
6/12/2017,1788.89,1788.89,1788.89,1788.89
6/9/2017,1788.89,1788.89,1788.89,1788.89
6/8/2017,1785.57,1785.57,1785.57,1785.57
6/7/2017,1785.92,1785.92,1785.92,1785.92
6/6/2017,1791.01,1791.01,1791.01,1791.01
6/5/2017,1787.95,1787.95,1787.95,1787.95
6/2/2017,1776.95,1776.95,1776.95,1776.95
6/1/2017,1763.11,1763.11,1763.11,1763.11
05/31/17,1765.87,1765.87,1765.87,1765.87
05/30/17,1765.34,1765.34,1765.34,1765.34
05/29/17,1764.89,1764.89,1764.89,1764.89
05/26/17,1772.3,1772.3,1772.3,1772.3
05/25/17,1773.96,1773.96,1773.96,1773.96
05/24/17,1771.01,1771.01,1771.01,1771.01
05/23/17,1767.17,1767.17,1767.17,1767.17
05/22/17,1774.95,1774.95,1774.95,1774.95
05/19/17,1768.28,1768.28,1768.28,1768.28
05/18/17,1767.17,1767.17,1767.17,1767.17
05/17/17,1775.65,1775.65,1775.65,1775.65
05/16/17,1778.15,1778.15,1778.15,1778.15
05/15/17,1778.65,1778.65,1778.65,1778.65
5/12/2017,1775.87,1775.87,1775.87,1775.87
5/11/2017,1775.39,1775.39,1775.39,1775.39
5/10/2017,1766.56,1766.56,1766.56,1766.56
5/9/2017,1766.56,1766.56,1766.56,1766.56
5/8/2017,1768.15,1768.15,1768.15,1768.15
5/5/2017,1762.74,1762.74,1762.74,1762.74
5/4/2017,1758.67,1758.67,1758.67,1758.67
5/3/2017,1772.51,1772.51,1772.51,1772.51
5/2/2017,1778.47,1778.47,1778.47,1778.47
5/1/2017,1768.06,1768.06,1768.06,1768.06
04/28/17,1768.06,1768.06,1768.06,1768.06
04/27/17,1767.92,1767.92,1767.92,1767.92
04/26/17,1768.92,1768.92,1768.92,1768.92
04/25/17,1765.8,1765.8,1765.8,1765.8
04/24/17,1756.05,1756.05,1756.05,1756.05
04/21/17,1756.05,1756.05,1756.05,1756.05
04/20/17,1741.61,1741.61,1741.61,1741.61
04/19/17,1738.95,1738.95,1738.95,1738.95
04/18/17,1740.6,1740.6,1740.6,1740.6
04/17/17,1733.93,1733.93,1733.93,1733.93
04/14/17,1730.99,1730.99,1730.99,1730.99
04/13/17,1738.18,1738.18,1738.18,1738.18
4/12/2017,1744.08,1744.08,1744.08,1744.08
4/11/2017,1735.84,1735.84,1735.84,1735.84
4/10/2017,1739.52,1739.52,1739.52,1739.52
4/7/2017,1741.72,1741.72,1741.72,1741.72
4/6/2017,1739.56,1739.56,1739.56,1739.56
4/5/2017,1744.67,1744.67,1744.67,1744.67
4/4/2017,1747.19,1747.19,1747.19,1747.19
4/3/2017,1745.49,1745.49,1745.49,1745.49
03/31/17,1740.09,1740.09,1740.09,1740.09
03/30/17,1749.25,1749.25,1749.25,1749.25
03/29/17,1750.41,1750.41,1750.41,1750.41
03/28/17,1754.42,1754.42,1754.42,1754.42
03/27/17,1744.95,1744.95,1744.95,1744.95
03/24/17,1745.75,1745.75,1745.75,1745.75
03/23/17,1747,1747,1747,1747
03/22/17,1748.3,1748.3,1748.3,1748.3
03/21/17,1754.67,1754.67,1754.67,1754.67
03/20/17,1749.41,1749.41,1749.41,1749.41
03/17/17,1745.2,1745.2,1745.2,1745.2
03/16/17,1737.14,1737.14,1737.14,1737.14
03/15/17,1717.36,1717.36,1717.36,1717.36
03/14/17,1722.47,1722.47,1722.47,1722.47
03/13/17,1721.92,1721.92,1721.92,1721.92
3/10/2017,1717.58,1717.58,1717.58,1717.58
3/9/2017,1717.42,1717.42,1717.42,1717.42
3/8/2017,1725.54,1725.54,1725.54,1725.54
3/7/2017,1728.66,1728.66,1728.66,1728.66
3/6/2017,1727.36,1727.36,1727.36,1727.36
3/3/2017,1708.38,1708.38,1708.38,1708.38
3/2/2017,1715.67,1715.67,1715.67,1715.67
3/1/2017,1697.69,1697.69,1697.69,1697.69
02/28/17,1693.77,1693.77,1693.77,1693.77
02/27/17,1693.84,1693.84,1693.84,1693.84
02/24/17,1698.35,1698.35,1698.35,1698.35
02/23/17,1704.48,1704.48,1704.48,1704.48
02/22/17,1708.08,1708.08,1708.08,1708.08
02/21/17,1706.55,1706.55,1706.55,1706.55
02/20/17,1712.58,1712.58,1712.58,1712.58
02/17/17,1707.68,1707.68,1707.68,1707.68
02/16/17,1707.59,1707.59,1707.59,1707.59
02/15/17,1709.79,1709.79,1709.79,1709.79
02/14/17,1708.9,1708.9,1708.9,1708.9
02/13/17,1710.24,1710.24,1710.24,1710.24
2/10/2017,1698.94,1698.94,1698.94,1698.94
2/9/2017,1688.5,1688.5,1688.5,1688.5
2/8/2017,1688.5,1688.5,1688.5,1688.5
2/7/2017,1688.84,1688.84,1688.84,1688.84
2/6/2017,1691.24,1691.24,1691.24,1691.24
2/3/2017,1685.01,1685.01,1685.01,1685.01
2/2/2017,1673.48,1673.48,1673.48,1673.48
2/1/2017,1671.54,1671.54,1671.54,1671.54
01/31/17,1671.54,1671.54,1671.54,1671.54
01/30/17,1686.36,1686.36,1686.36,1686.36
01/27/17,1686.36,1686.36,1686.36,1686.36
01/26/17,1692.22,1692.22,1692.22,1692.22
01/25/17,1683.93,1683.93,1683.93,1683.93
01/24/17,1680.69,1680.69,1680.69,1680.69
01/23/17,1671.31,1671.31,1671.31,1671.31
01/20/17,1664.89,1664.89,1664.89,1664.89
01/19/17,1666.51,1666.51,1666.51,1666.51
01/18/17,1665.02,1665.02,1665.02,1665.02
01/17/17,1663.03,1663.03,1663.03,1663.03
01/16/17,1658.84,1658.84,1658.84,1658.84
01/13/17,1672.5,1672.5,1672.5,1672.5
1/12/2017,1677.76,1677.76,1677.76,1677.76
1/11/2017,1675.21,1675.21,1675.21,1675.21
1/10/2017,1672.05,1672.05,1672.05,1672.05
1/9/2017,1667.9,1667.9,1667.9,1667.9
1/6/2017,1675.49,1675.49,1675.49,1675.49
1/5/2017,1659.82,1659.82,1659.82,1659.82
1/4/2017,1647.47,1647.47,1647.47,1647.47
1/3/2017,1635.53,1635.53,1635.53,1635.53
12/30/16,1641.73,1641.73,1641.73,1641.73
12/29/16,1637.93,1637.93,1637.93,1637.93
12/28/16,1630.3,1630.3,1630.3,1630.3
12/27/16,1619.68,1619.68,1619.68,1619.68
12/23/16,1617.15,1617.15,1617.15,1617.15
12/22/16,1623.2,1623.2,1623.2,1623.2
12/21/16,1629.59,1629.59,1629.59,1629.59
12/20/16,1634.52,1634.52,1634.52,1634.52
12/19/16,1634.3,1634.3,1634.3,1634.3
12/16/16,1637.79,1637.79,1637.79,1637.79
12/15/16,1636.99,1636.99,1636.99,1636.99
12/14/16,1643.29,1643.29,1643.29,1643.29
12/13/16,1645.28,1645.28,1645.28,1645.28
12/12/2016,1641.42,1641.42,1641.42,1641.42
12/9/2016,1641.42,1641.42,1641.42,1641.42
12/8/2016,1643.75,1643.75,1643.75,1643.75
12/7/2016,1632.47,1632.47,1632.47,1632.47
12/6/2016,1629.73,1629.73,1629.73,1629.73
12/5/2016,1624.97,1624.97,1624.97,1624.97
12/2/2016,1628.96,1628.96,1628.96,1628.96
12/1/2016,1626.44,1626.44,1626.44,1626.44
11/30/16,1619.12,1619.12,1619.12,1619.12
11/29/16,1626.93,1626.93,1626.93,1626.93
11/28/16,1628.66,1628.66,1628.66,1628.66
11/25/16,1627.26,1627.26,1627.26,1627.26
11/24/16,1624.21,1624.21,1624.21,1624.21
11/23/16,1630.38,1630.38,1630.38,1630.38
11/22/16,1629.32,1629.32,1629.32,1629.32
11/21/16,1627.28,1627.28,1627.28,1627.28
11/18/16,1623.8,1623.8,1623.8,1623.8
11/17/16,1626.77,1626.77,1626.77,1626.77
11/16/16,1627.63,1627.63,1627.63,1627.63
11/15/16,1630.56,1630.56,1630.56,1630.56
11/14/16,1616.64,1616.64,1616.64,1616.64
11/11/2016,1634.19,1634.19,1634.19,1634.19
11/10/2016,1652.74,1652.74,1652.74,1652.74
11/9/2016,1647.62,1647.62,1647.62,1647.62
11/8/2016,1663.82,1663.82,1663.82,1663.82
11/7/2016,1650.59,1650.59,1650.59,1650.59
11/4/2016,1648.24,1648.24,1648.24,1648.24
11/3/2016,1648.08,1648.08,1648.08,1648.08
11/2/2016,1659.6,1659.6,1659.6,1659.6
11/1/2016,1670.93,1670.93,1670.93,1670.93
10/31/16,1672.46,1672.46,1672.46,1672.46
10/28/16,1670.27,1670.27,1670.27,1670.27
10/27/16,1669.03,1669.03,1669.03,1669.03
10/26/16,1673.92,1673.92,1673.92,1673.92
10/25/16,1677.43,1677.43,1677.43,1677.43
10/24/16,1677.76,1677.76,1677.76,1677.76
10/21/16,1669.98,1669.98,1669.98,1669.98
10/20/16,1667.18,1667.18,1667.18,1667.18
10/19/16,1668.27,1668.27,1668.27,1668.27
10/18/16,1667.57,1667.57,1667.57,1667.57
10/17/16,1653.71,1653.71,1653.71,1653.71
10/14/16,1658.97,1658.97,1658.97,1658.97
10/13/16,1665.02,1665.02,1665.02,1665.02
10/12/2016,1667.03,1667.03,1667.03,1667.03
10/11/2016,1668.72,1668.72,1668.72,1668.72
10/10/2016,1665.32,1665.32,1665.32,1665.32
10/7/2016,1665.38,1665.38,1665.38,1665.38
10/6/2016,1666.73,1666.73,1666.73,1666.73
10/5/2016,1662.92,1662.92,1662.92,1662.92
10/4/2016,1661.25,1661.25,1661.25,1661.25
10/3/2016,1652.55,1652.55,1652.55,1652.55
09/30/16,1652.55,1652.55,1652.55,1652.55
09/29/16,1669.64,1669.64,1669.64,1669.64
09/28/16,1664.96,1664.96,1664.96,1664.96
09/27/16,1664.72,1664.72,1664.72,1664.72
09/26/16,1669.5,1669.5,1669.5,1669.5
09/23/16,1670.99,1670.99,1670.99,1670.99
09/22/16,1669.66,1669.66,1669.66,1669.66
09/21/16,1658.73,1658.73,1658.73,1658.73
09/20/16,1655.78,1655.78,1655.78,1655.78
09/19/16,1651.71,1651.71,1651.71,1651.71
09/16/16,1652.99,1652.99,1652.99,1652.99
09/15/16,1652.99,1652.99,1652.99,1652.99
09/14/16,1661.39,1661.39,1661.39,1661.39
09/13/16,1677.18,1677.18,1677.18,1677.18
9/12/2016,1686.44,1686.44,1686.44,1686.44
9/9/2016,1686.44,1686.44,1686.44,1686.44
9/8/2016,1691.38,1691.38,1691.38,1691.38
9/7/2016,1689.57,1689.57,1689.57,1689.57
9/6/2016,1689.92,1689.92,1689.92,1689.92
9/5/2016,1678.08,1678.08,1678.08,1678.08
9/2/2016,1671.79,1671.79,1671.79,1671.79
9/1/2016,1670.55,1670.55,1670.55,1670.55
08/31/16,1678.06,1678.06,1678.06,1678.06
08/30/16,1678.06,1678.06,1678.06,1678.06
08/29/16,1681.6,1681.6,1681.6,1681.6
08/26/16,1683.09,1683.09,1683.09,1683.09
08/25/16,1680.3,1680.3,1680.3,1680.3
08/24/16,1682.06,1682.06,1682.06,1682.06
08/23/16,1683.07,1683.07,1683.07,1683.07
08/22/16,1691.07,1691.07,1691.07,1691.07
08/19/16,1687.68,1687.68,1687.68,1687.68
08/18/16,1694.87,1694.87,1694.87,1694.87
08/17/16,1694.32,1694.32,1694.32,1694.32
08/16/16,1699.89,1699.89,1699.89,1699.89
08/15/16,1690.33,1690.33,1690.33,1690.33
8/12/2016,1684.15,1684.15,1684.15,1684.15
8/11/2016,1678.8,1678.8,1678.8,1678.8
8/10/2016,1673.03,1673.03,1673.03,1673.03
8/9/2016,1671.71,1671.71,1671.71,1671.71
8/8/2016,1672.68,1672.68,1672.68,1672.68
8/5/2016,1664.04,1664.04,1664.04,1664.04
8/4/2016,1655.29,1655.29,1655.29,1655.29
8/3/2016,1648.5,1648.5,1648.5,1648.5
8/2/2016,1660.23,1660.23,1660.23,1660.23
8/1/2016,1665.23,1665.23,1665.23,1665.23
07/29/16,1653.26,1653.26,1653.26,1653.26
07/28/16,1658.5,1658.5,1658.5,1658.5
07/27/16,1663.56,1663.56,1663.56,1663.56
07/26/16,1661.42,1661.42,1661.42,1661.42
07/25/16,1668.26,1668.26,1668.26,1668.26
07/22/16,1657.42,1657.42,1657.42,1657.42
07/21/16,1657.54,1657.54,1657.54,1657.54
07/20/16,1669.61,1669.61,1669.61,1669.61
07/19/16,1670.55,1670.55,1670.55,1670.55
07/18/16,1670.84,1670.84,1670.84,1670.84
07/15/16,1668.4,1668.4,1668.4,1668.4
07/14/16,1654.78,1654.78,1654.78,1654.78
07/13/16,1660.39,1660.39,1660.39,1660.39
7/12/2016,1653.97,1653.97,1653.97,1653.97
7/11/2016,1653.87,1653.87,1653.87,1653.87
7/8/2016,1644.54,1644.54,1644.54,1644.54
7/7/2016,1650.71,1650.71,1650.71,1650.71
7/6/2016,1650.71,1650.71,1650.71,1650.71
7/5/2016,1650.71,1650.71,1650.71,1650.71
7/4/2016,1654.84,1654.84,1654.84,1654.84
7/1/2016,1646.22,1646.22,1646.22,1646.22
06/30/16,1654.08,1654.08,1654.08,1654.08
06/29/16,1642.21,1642.21,1642.21,1642.21
06/28/16,1634.04,1634.04,1634.04,1634.04
06/27/16,1629.52,1629.52,1629.52,1629.52
06/24/16,1634.05,1634.05,1634.05,1634.05
06/23/16,1639.98,1639.98,1639.98,1639.98
06/22/16,1637.69,1637.69,1637.69,1637.69
06/21/16,1637.69,1637.69,1637.69,1637.69
06/20/16,1634.23,1634.23,1634.23,1634.23
06/17/16,1624.18,1624.18,1624.18,1624.18
06/16/16,1614.9,1614.9,1614.9,1614.9
06/15/16,1627.96,1627.96,1627.96,1627.96
06/14/16,1626.11,1626.11,1626.11,1626.11
06/13/16,1629.77,1629.77,1629.77,1629.77
6/10/2016,1641.22,1641.22,1641.22,1641.22
6/9/2016,1650.51,1650.51,1650.51,1650.51
6/8/2016,1657.85,1657.85,1657.85,1657.85
6/7/2016,1660.62,1660.62,1660.62,1660.62
6/6/2016,1648.99,1648.99,1648.99,1648.99
6/3/2016,1636.46,1636.46,1636.46,1636.46
6/2/2016,1630.53,1630.53,1630.53,1630.53
6/1/2016,1626.5,1626.5,1626.5,1626.5
05/31/16,1626,1626,1626,1626
05/30/16,1629.87,1629.87,1629.87,1629.87
05/27/16,1637.19,1637.19,1637.19,1637.19
05/26/16,1631.09,1631.09,1631.09,1631.09
05/25/16,1630.96,1630.96,1630.96,1630.96
05/24/16,1625.84,1625.84,1625.84,1625.84
05/23/16,1634.89,1634.89,1634.89,1634.89
05/20/16,1628.79,1628.79,1628.79,1628.79
05/19/16,1633.76,1633.76,1633.76,1633.76
05/18/16,1635.72,1635.72,1635.72,1635.72
05/17/16,1633.39,1633.39,1633.39,1633.39
05/16/16,1621.21,1621.21,1621.21,1621.21
05/13/16,1628.26,1628.26,1628.26,1628.26
5/12/2016,1648.98,1648.98,1648.98,1648.98
5/11/2016,1644.58,1644.58,1644.58,1644.58
5/10/2016,1635.84,1635.84,1635.84,1635.84
5/9/2016,1632.19,1632.19,1632.19,1632.19
5/6/2016,1649.36,1649.36,1649.36,1649.36
5/5/2016,1645.09,1645.09,1645.09,1645.09
5/4/2016,1657.58,1657.58,1657.58,1657.58
5/3/2016,1651.44,1651.44,1651.44,1651.44
5/2/2016,1672.72,1672.72,1672.72,1672.72
04/29/16,1672.72,1672.72,1672.72,1672.72
04/28/16,1674.76,1674.76,1674.76,1674.76
04/27/16,1692.34,1692.34,1692.34,1692.34
04/26/16,1692.5,1692.5,1692.5,1692.5
04/25/16,1714.51,1714.51,1714.51,1714.51
04/22/16,1717.96,1717.96,1717.96,1717.96
04/21/16,1721.47,1721.47,1721.47,1721.47
04/20/16,1708.91,1708.91,1708.91,1708.91
04/19/16,1711.15,1711.15,1711.15,1711.15
04/18/16,1717.68,1717.68,1717.68,1717.68
04/15/16,1727.99,1727.99,1727.99,1727.99
04/14/16,1723.78,1723.78,1723.78,1723.78
04/13/16,1723.11,1723.11,1723.11,1723.11
4/12/2016,1715,1715,1715,1715
4/11/2016,1715.28,1715.28,1715.28,1715.28
4/8/2016,1718.4,1718.4,1718.4,1718.4
4/7/2016,1724.29,1724.29,1724.29,1724.29
4/6/2016,1717.01,1717.01,1717.01,1717.01
4/5/2016,1718.08,1718.08,1718.08,1718.08
4/4/2016,1725.24,1725.24,1725.24,1725.24
4/1/2016,1710.55,1710.55,1710.55,1710.55
03/31/16,1717.58,1717.58,1717.58,1717.58
03/30/16,1717.82,1717.82,1717.82,1717.82
03/29/16,1715.04,1715.04,1715.04,1715.04
03/28/16,1702.41,1702.41,1702.41,1702.41
03/25/16,1703.79,1703.79,1703.79,1703.79
03/24/16,1715.53,1715.53,1715.53,1715.53
03/23/16,1724.55,1724.55,1724.55,1724.55
03/22/16,1724.75,1724.75,1724.75,1724.75
03/21/16,1718.36,1718.36,1718.36,1718.36
03/18/16,1716.34,1716.34,1716.34,1716.34
03/17/16,1703.19,1703.19,1703.19,1703.19
03/16/16,1693.43,1693.43,1693.43,1693.43
03/15/16,1690.92,1690.92,1690.92,1690.92
03/14/16,1700.31,1700.31,1700.31,1700.31
3/11/2016,1696.54,1696.54,1696.54,1696.54
3/10/2016,1690.91,1690.91,1690.91,1690.91
3/9/2016,1686.35,1686.35,1686.35,1686.35
3/8/2016,1687.86,1687.86,1687.86,1687.86
3/7/2016,1697.93,1697.93,1697.93,1697.93
3/4/2016,1692.49,1692.49,1692.49,1692.49
3/3/2016,1688.2,1688.2,1688.2,1688.2
3/2/2016,1691.03,1691.03,1691.03,1691.03
3/1/2016,1670.82,1670.82,1670.82,1670.82
02/29/16,1654.75,1654.75,1654.75,1654.75
02/26/16,1663.44,1663.44,1663.44,1663.44
02/25/16,1658.16,1658.16,1658.16,1658.16
02/24/16,1664.17,1664.17,1664.17,1664.17
02/23/16,1677.28,1677.28,1677.28,1677.28
02/22/16,1674.59,1674.59,1674.59,1674.59
02/19/16,1674.88,1674.88,1674.88,1674.88
02/18/16,1680.02,1680.02,1680.02,1680.02
02/17/16,1664.32,1664.32,1664.32,1664.32
02/16/16,1664.99,1664.99,1664.99,1664.99
02/15/16,1649.96,1649.96,1649.96,1649.96
2/12/2016,1643.74,1643.74,1643.74,1643.74
2/11/2016,1643.95,1643.95,1643.95,1643.95
2/10/2016,1644.41,1644.41,1644.41,1644.41
2/9/2016,1662.46,1662.46,1662.46,1662.46
2/8/2016,1662.46,1662.46,1662.46,1662.46
2/5/2016,1662.46,1662.46,1662.46,1662.46
2/4/2016,1656.77,1656.77,1656.77,1656.77
2/3/2016,1633.3,1633.3,1633.3,1633.3
2/2/2016,1653.18,1653.18,1653.18,1653.18
2/1/2016,1667.8,1667.8,1667.8,1667.8
01/29/16,1667.8,1667.8,1667.8,1667.8
01/28/16,1634.53,1634.53,1634.53,1634.53
01/27/16,1631.54,1631.54,1631.54,1631.54
01/26/16,1626.66,1626.66,1626.66,1626.66
01/25/16,1625.21,1625.21,1625.21,1625.21
01/22/16,1625.21,1625.21,1625.21,1625.21
01/21/16,1600.92,1600.92,1600.92,1600.92
01/20/16,1618.83,1618.83,1618.83,1618.83
01/19/16,1629.22,1629.22,1629.22,1629.22
01/18/16,1622.64,1622.64,1622.64,1622.64
01/15/16,1628.55,1628.55,1628.55,1628.55
01/14/16,1633.44,1633.44,1633.44,1633.44
01/13/16,1642.54,1642.54,1642.54,1642.54
1/12/2016,1641.37,1641.37,1641.37,1641.37
1/11/2016,1637.59,1637.59,1637.59,1637.59
1/8/2016,1657.61,1657.61,1657.61,1657.61
1/7/2016,1655.13,1655.13,1655.13,1655.13
1/6/2016,1667.97,1667.97,1667.97,1667.97
1/5/2016,1665.7,1665.7,1665.7,1665.7
1/4/2016,1653.37,1653.37,1653.37,1653.37
12/31/15,1692.51,1692.51,1692.51,1692.51
12/30/15,1693.14,1693.14,1693.14,1693.14
12/29/15,1685.36,1685.36,1685.36,1685.36
12/28/15,1670.73,1670.73,1670.73,1670.73
12/24/15,1663.51,1663.51,1663.51,1663.51
12/23/15,1663.51,1663.51,1663.51,1663.51
12/22/15,1643.26,1643.26,1643.26,1643.26
12/21/15,1629.09,1629.09,1629.09,1629.09
12/18/15,1643.9,1643.9,1643.9,1643.9
12/17/15,1656.52,1656.52,1656.52,1656.52
12/16/15,1634.13,1634.13,1634.13,1634.13
12/15/15,1622.84,1622.84,1622.84,1622.84
12/14/15,1629.96,1629.96,1629.96,1629.96
12/11/2015,1640.14,1640.14,1640.14,1640.14
12/10/2015,1648.65,1648.65,1648.65,1648.65
12/9/2015,1659.36,1659.36,1659.36,1659.36
12/8/2015,1669.24,1669.24,1669.24,1669.24
12/7/2015,1672,1672,1672,1672
12/4/2015,1667.87,1667.87,1667.87,1667.87
12/3/2015,1673.92,1673.92,1673.92,1673.92
12/2/2015,1676.77,1676.77,1676.77,1676.77
12/1/2015,1682.37,1682.37,1682.37,1682.37
11/30/15,1672.16,1672.16,1672.16,1672.16
11/27/15,1682.59,1682.59,1682.59,1682.59
11/26/15,1683.09,1683.09,1683.09,1683.09
11/25/15,1684.42,1684.42,1684.42,1684.42
11/24/15,1677.03,1677.03,1677.03,1677.03
11/23/15,1670.9,1670.9,1670.9,1670.9
11/20/15,1661.89,1661.89,1661.89,1661.89
11/19/15,1660.06,1660.06,1660.06,1660.06
11/18/15,1656.5,1656.5,1656.5,1656.5
11/17/15,1661.53,1661.53,1661.53,1661.53
11/16/15,1656,1656,1656,1656
11/13/15,1658.91,1658.91,1658.91,1658.91
11/12/2015,1663.2,1663.2,1663.2,1663.2
11/11/2015,1665.32,1665.32,1665.32,1665.32
11/10/2015,1686.11,1686.11,1686.11,1686.11
11/9/2015,1686.11,1686.11,1686.11,1686.11
11/6/2015,1685.7,1685.7,1685.7,1685.7
11/5/2015,1688.54,1688.54,1688.54,1688.54
11/4/2015,1685.62,1685.62,1685.62,1685.62
11/3/2015,1677.56,1677.56,1677.56,1677.56
11/2/2015,1664.07,1664.07,1664.07,1664.07
10/30/15,1665.71,1665.71,1665.71,1665.71
10/29/15,1666.98,1666.98,1666.98,1666.98
10/28/15,1686.51,1686.51,1686.51,1686.51
10/27/15,1696.95,1696.95,1696.95,1696.95
10/26/15,1706.79,1706.79,1706.79,1706.79
10/23/15,1710.93,1710.93,1710.93,1710.93
10/22/15,1705.09,1705.09,1705.09,1705.09
10/21/15,1707.11,1707.11,1707.11,1707.11
10/20/15,1705.03,1705.03,1705.03,1705.03
10/19/15,1718.2,1718.2,1718.2,1718.2
10/16/15,1716.82,1716.82,1716.82,1716.82
10/15/15,1713.25,1713.25,1713.25,1713.25
10/14/15,1711.14,1711.14,1711.14,1711.14
10/13/15,1711.14,1711.14,1711.14,1711.14
10/12/2015,1709.86,1709.86,1709.86,1709.86
10/9/2015,1706.54,1706.54,1706.54,1706.54
10/8/2015,1692.2,1692.2,1692.2,1692.2
10/7/2015,1689.25,1689.25,1689.25,1689.25
10/6/2015,1662.51,1662.51,1662.51,1662.51
10/5/2015,1647.59,1647.59,1647.59,1647.59
10/2/2015,1628.8,1628.8,1628.8,1628.8
10/1/2015,1633.93,1633.93,1633.93,1633.93
09/30/15,1621.04,1621.04,1621.04,1621.04
09/29/15,1603.32,1603.32,1603.32,1603.32
09/28/15,1608.43,1608.43,1608.43,1608.43
09/25/15,1615.01,1615.01,1615.01,1615.01
09/24/15,1613.17,1613.17,1613.17,1613.17
09/23/15,1613.17,1613.17,1613.17,1613.17
09/22/15,1635.37,1635.37,1635.37,1635.37
09/21/15,1639.47,1639.47,1639.47,1639.47
09/18/15,1669.45,1669.45,1669.45,1669.45
09/17/15,1681.54,1681.54,1681.54,1681.54
09/16/15,1647.15,1647.15,1647.15,1647.15
09/15/15,1647.15,1647.15,1647.15,1647.15
09/14/15,1639.63,1639.63,1639.63,1639.63
9/11/2015,1603.6,1603.6,1603.6,1603.6
9/10/2015,1614.02,1614.02,1614.02,1614.02
9/9/2015,1603.36,1603.36,1603.36,1603.36
9/8/2015,1587.12,1587.12,1587.12,1587.12
9/7/2015,1582.85,1582.85,1582.85,1582.85
9/4/2015,1589.16,1589.16,1589.16,1589.16
9/3/2015,1602.75,1602.75,1602.75,1602.75
9/2/2015,1590.19,1590.19,1590.19,1590.19
9/1/2015,1609.21,1609.21,1609.21,1609.21
08/31/15,1612.74,1612.74,1612.74,1612.74
08/28/15,1612.74,1612.74,1612.74,1612.74
08/27/15,1601.7,1601.7,1601.7,1601.7
08/26/15,1580.37,1580.37,1580.37,1580.37
08/25/15,1563.94,1563.94,1563.94,1563.94
08/24/15,1532.14,1532.14,1532.14,1532.14
08/21/15,1574.67,1574.67,1574.67,1574.67
08/20/15,1577.41,1577.41,1577.41,1577.41
08/19/15,1582.44,1582.44,1582.44,1582.44
08/18/15,1579.6,1579.6,1579.6,1579.6
08/17/15,1572.54,1572.54,1572.54,1572.54
08/14/15,1596.82,1596.82,1596.82,1596.82
08/13/15,1621.62,1621.62,1621.62,1621.62
8/12/2015,1609.93,1609.93,1609.93,1609.93
8/11/2015,1636.71,1636.71,1636.71,1636.71
8/10/2015,1654.37,1654.37,1654.37,1654.37
8/7/2015,1682.65,1682.65,1682.65,1682.65
8/6/2015,1694.64,1694.64,1694.64,1694.64
8/5/2015,1725.56,1725.56,1725.56,1725.56
8/4/2015,1723.73,1723.73,1723.73,1723.73
8/3/2015,1744.19,1744.19,1744.19,1744.19
07/31/15,1723.14,1723.14,1723.14,1723.14
07/30/15,1699.92,1699.92,1699.92,1699.92
07/29/15,1698.99,1698.99,1698.99,1698.99
07/28/15,1699.7,1699.7,1699.7,1699.7
07/27/15,1709.76,1709.76,1709.76,1709.76
07/24/15,1720.76,1720.76,1720.76,1720.76
07/23/15,1722.44,1722.44,1722.44,1722.44
07/22/15,1729.53,1729.53,1729.53,1729.53
07/21/15,1736.19,1736.19,1736.19,1736.19
07/20/15,1724.13,1724.13,1724.13,1724.13
07/17/15,1726.73,1726.73,1726.73,1726.73
07/16/15,1726.73,1726.73,1726.73,1726.73
07/15/15,1727.26,1727.26,1727.26,1727.26
07/14/15,1721.1,1721.1,1721.1,1721.1
07/13/15,1716.11,1716.11,1716.11,1716.11
7/10/2015,1715.58,1715.58,1715.58,1715.58
7/9/2015,1701.54,1701.54,1701.54,1701.54
7/8/2015,1695.83,1695.83,1695.83,1695.83
7/7/2015,1712.3,1712.3,1712.3,1712.3
7/6/2015,1717.05,1717.05,1717.05,1717.05
7/3/2015,1734.24,1734.24,1734.24,1734.24
7/2/2015,1733.88,1733.88,1733.88,1733.88
7/1/2015,1727.96,1727.96,1727.96,1727.96
06/30/15,1706.64,1706.64,1706.64,1706.64
06/29/15,1691.92,1691.92,1691.92,1691.92
06/26/15,1710.47,1710.47,1710.47,1710.47
06/25/15,1716.81,1716.81,1716.81,1716.81
06/24/15,1731.68,1731.68,1731.68,1731.68
06/23/15,1726.86,1726.86,1726.86,1726.86
06/22/15,1732.76,1732.76,1732.76,1732.76
06/19/15,1721.77,1721.77,1721.77,1721.77
06/18/15,1718.12,1718.12,1718.12,1718.12
06/17/15,1726.86,1726.86,1726.86,1726.86
06/16/15,1722.24,1722.24,1722.24,1722.24
06/15/15,1722.16,1722.16,1722.16,1722.16
6/12/2015,1734.37,1734.37,1734.37,1734.37
6/11/2015,1734.76,1734.76,1734.76,1734.76
6/10/2015,1735.63,1735.63,1735.63,1735.63
6/9/2015,1729.05,1729.05,1729.05,1729.05
6/8/2015,1739.45,1739.45,1739.45,1739.45
6/5/2015,1745.33,1745.33,1745.33,1745.33
6/4/2015,1741.48,1741.48,1741.48,1741.48
6/3/2015,1749.17,1749.17,1749.17,1749.17
6/2/2015,1741.37,1741.37,1741.37,1741.37
6/1/2015,1743.41,1743.41,1743.41,1743.41
05/29/15,1747.52,1747.52,1747.52,1747.52
05/28/15,1755.56,1755.56,1755.56,1755.56
05/27/15,1755.05,1755.05,1755.05,1755.05
05/26/15,1764.07,1764.07,1764.07,1764.07
05/25/15,1767.38,1767.38,1767.38,1767.38
05/22/15,1787.5,1787.5,1787.5,1787.5
05/21/15,1795.04,1795.04,1795.04,1795.04
05/20/15,1810.11,1810.11,1810.11,1810.11
05/19/15,1809.72,1809.72,1809.72,1809.72
05/18/15,1823.5,1823.5,1823.5,1823.5
05/15/15,1811.92,1811.92,1811.92,1811.92
05/14/15,1807.55,1807.55,1807.55,1807.55
05/13/15,1803.02,1803.02,1803.02,1803.02
5/12/2015,1798.61,1798.61,1798.61,1798.61
5/11/2015,1805.49,1805.49,1805.49,1805.49
5/8/2015,1807.65,1807.65,1807.65,1807.65
5/7/2015,1805.1,1805.1,1805.1,1805.1
5/6/2015,1820.97,1820.97,1820.97,1820.97
5/5/2015,1827.42,1827.42,1827.42,1827.42
5/4/2015,1818.27,1818.27,1818.27,1818.27
5/1/2015,1818.27,1818.27,1818.27,1818.27
04/30/15,1818.27,1818.27,1818.27,1818.27
04/29/15,1842.93,1842.93,1842.93,1842.93
04/28/15,1855.06,1855.06,1855.06,1855.06
04/27/15,1859.58,1859.58,1859.58,1859.58
04/24/15,1862.58,1862.58,1862.58,1862.58
04/23/15,1846.08,1846.08,1846.08,1846.08
04/22/15,1854.77,1854.77,1854.77,1854.77
04/21/15,1862.8,1862.8,1862.8,1862.8
04/20/15,1848.66,1848.66,1848.66,1848.66
04/17/15,1845.86,1845.86,1845.86,1845.86
04/16/15,1847.94,1847.94,1847.94,1847.94
04/15/15,1840.13,1840.13,1840.13,1840.13
04/14/15,1839.61,1839.61,1839.61,1839.61
04/13/15,1842.08,1842.08,1842.08,1842.08
4/10/2015,1844.31,1844.31,1844.31,1844.31
4/9/2015,1849.39,1849.39,1849.39,1849.39
4/8/2015,1850.31,1850.31,1850.31,1850.31
4/7/2015,1856.51,1856.51,1856.51,1856.51
4/6/2015,1842.94,1842.94,1842.94,1842.94
4/3/2015,1834.52,1834.52,1834.52,1834.52
4/2/2015,1831.97,1831.97,1831.97,1831.97
4/1/2015,1826.31,1826.31,1826.31,1826.31
03/31/15,1830.78,1830.78,1830.78,1830.78
03/30/15,1821.83,1821.83,1821.83,1821.83
03/27/15,1813.37,1813.37,1813.37,1813.37
03/26/15,1818.42,1818.42,1818.42,1818.42
03/25/15,1819.1,1819.1,1819.1,1819.1
03/24/15,1814.04,1814.04,1814.04,1814.04
03/23/15,1795.85,1795.85,1795.85,1795.85
03/20/15,1803.65,1803.65,1803.65,1803.65
03/19/15,1809.13,1809.13,1809.13,1809.13
03/18/15,1797.57,1797.57,1797.57,1797.57
03/17/15,1787.87,1787.87,1787.87,1787.87
03/16/15,1780.54,1780.54,1780.54,1780.54
03/13/15,1781.75,1781.75,1781.75,1781.75
3/12/2015,1786.87,1786.87,1786.87,1786.87
3/11/2015,1778.16,1778.16,1778.16,1778.16
3/10/2015,1789.73,1789.73,1789.73,1789.73
3/9/2015,1791.74,1791.74,1791.74,1791.74
3/6/2015,1806.96,1806.96,1806.96,1806.96
3/5/2015,1806.09,1806.09,1806.09,1806.09
3/4/2015,1825.54,1825.54,1825.54,1825.54
3/3/2015,1821.25,1821.25,1821.25,1821.25
3/2/2015,1817.13,1817.13,1817.13,1817.13
02/27/15,1821.21,1821.21,1821.21,1821.21
02/26/15,1820.87,1820.87,1820.87,1820.87
02/25/15,1815.86,1815.86,1815.86,1815.86
02/24/15,1818.68,1818.68,1818.68,1818.68
02/23/15,1809.39,1809.39,1809.39,1809.39
02/20/15,1807.87,1807.87,1807.87,1807.87
02/19/15,1807.87,1807.87,1807.87,1807.87
02/18/15,1807.87,1807.87,1807.87,1807.87
02/17/15,1810.09,1810.09,1810.09,1810.09
02/16/15,1808.89,1808.89,1808.89,1808.89
02/13/15,1800.95,1800.95,1800.95,1800.95
2/12/2015,1789.07,1789.07,1789.07,1789.07
2/11/2015,1798.95,1798.95,1798.95,1798.95
2/10/2015,1811.12,1811.12,1811.12,1811.12
2/9/2015,1811.58,1811.58,1811.58,1811.58
2/6/2015,1813.25,1813.25,1813.25,1813.25
2/5/2015,1803.21,1803.21,1803.21,1803.21
2/4/2015,1803.02,1803.02,1803.02,1803.02
2/3/2015,1781.26,1781.26,1781.26,1781.26
2/2/2015,1781.26,1781.26,1781.26,1781.26
01/30/15,1781.26,1781.26,1781.26,1781.26
01/29/15,1782.18,1782.18,1782.18,1782.18
01/28/15,1795.88,1795.88,1795.88,1795.88
01/27/15,1803.17,1803.17,1803.17,1803.17
01/26/15,1796.44,1796.44,1796.44,1796.44
01/23/15,1803.08,1803.08,1803.08,1803.08
01/22/15,1781.75,1781.75,1781.75,1781.75
01/21/15,1770.09,1770.09,1770.09,1770.09
01/20/15,1750.11,1750.11,1750.11,1750.11
01/19/15,1753.31,1753.31,1753.31,1753.31
01/16/15,1743.57,1743.57,1743.57,1743.57
01/15/15,1745,1745,1745,1745
01/14/15,1742.01,1742.01,1742.01,1742.01
01/13/15,1748.9,1748.9,1748.9,1748.9
1/12/2015,1735.08,1735.08,1735.08,1735.08
1/9/2015,1732.44,1732.44,1732.44,1732.44
1/8/2015,1728.06,1728.06,1728.06,1728.06
1/7/2015,1709.18,1709.18,1709.18,1709.18
1/6/2015,1716.58,1716.58,1716.58,1716.58
1/5/2015,1736.62,1736.62,1736.62,1736.62
1/2/2015,1752.77,1752.77,1752.77,1752.77
12/31/14,1761.25,1761.25,1761.25,1761.25
12/30/14,1766.83,1766.83,1766.83,1766.83
12/29/14,1768.41,1768.41,1768.41,1768.41
12/26/14,1764.44,1764.44,1764.44,1764.44
12/24/14,1749.74,1749.74,1749.74,1749.74
12/23/14,1749.05,1749.05,1749.05,1749.05
12/22/14,1744.05,1744.05,1744.05,1744.05
12/19/14,1715.99,1715.99,1715.99,1715.99
12/18/14,1699.95,1699.95,1699.95,1699.95
12/17/14,1681.9,1681.9,1681.9,1681.9
12/16/14,1673.94,1673.94,1673.94,1673.94
12/15/14,1697.31,1697.31,1697.31,1697.31
12/12/2014,1732.99,1732.99,1732.99,1732.99
12/11/2014,1744.57,1744.57,1744.57,1744.57
12/10/2014,1765.52,1765.52,1765.52,1765.52
12/9/2014,1738.1,1738.1,1738.1,1738.1
12/8/2014,1740.84,1740.84,1740.84,1740.84
12/5/2014,1749.37,1749.37,1749.37,1749.37
12/4/2014,1745.69,1745.69,1745.69,1745.69
12/3/2014,1758.15,1758.15,1758.15,1758.15
12/2/2014,1785.97,1785.97,1785.97,1785.97
12/1/2014,1778.27,1778.27,1778.27,1778.27
11/28/14,1820.89,1820.89,1820.89,1820.89
11/27/14,1829.91,1829.91,1829.91,1829.91
11/26/14,1842.17,1842.17,1842.17,1842.17
11/25/14,1838.56,1838.56,1838.56,1838.56
11/24/14,1833.77,1833.77,1833.77,1833.77
11/21/14,1809.13,1809.13,1809.13,1809.13
11/20/14,1822.29,1822.29,1822.29,1822.29
11/19/14,1824.39,1824.39,1824.39,1824.39
11/18/14,1818.38,1818.38,1818.38,1818.38
11/17/14,1806.48,1806.48,1806.48,1806.48
11/14/14,1813.79,1813.79,1813.79,1813.79
11/13/14,1815.81,1815.81,1815.81,1815.81
11/12/2014,1816.24,1816.24,1816.24,1816.24
11/11/2014,1825.11,1825.11,1825.11,1825.11
11/10/2014,1827.93,1827.93,1827.93,1827.93
11/7/2014,1824.19,1824.19,1824.19,1824.19
11/6/2014,1831.98,1831.98,1831.98,1831.98
11/5/2014,1839.29,1839.29,1839.29,1839.29
11/4/2014,1847.36,1847.36,1847.36,1847.36
11/3/2014,1853.34,1853.34,1853.34,1853.34
10/31/14,1855.15,1855.15,1855.15,1855.15
10/30/14,1842.78,1842.78,1842.78,1842.78
10/29/14,1839.55,1839.55,1839.55,1839.55
10/28/14,1825.68,1825.68,1825.68,1825.68
10/27/14,1823.15,1823.15,1823.15,1823.15
10/24/14,1818.86,1818.86,1818.86,1818.86
10/23/14,1810.68,1810.68,1810.68,1810.68
10/22/14,1796.22,1796.22,1796.22,1796.22
10/21/14,1796.22,1796.22,1796.22,1796.22
10/20/14,1803.14,1803.14,1803.14,1803.14
10/17/14,1788.31,1788.31,1788.31,1788.31
10/16/14,1767.77,1767.77,1767.77,1767.77
10/15/14,1786.84,1786.84,1786.84,1786.84
10/14/14,1796.38,1796.38,1796.38,1796.38
10/13/14,1797.2,1797.2,1797.2,1797.2
10/10/2014,1808.88,1808.88,1808.88,1808.88
10/9/2014,1829.73,1829.73,1829.73,1829.73
10/8/2014,1824.32,1824.32,1824.32,1824.32
10/7/2014,1833.54,1833.54,1833.54,1833.54
10/6/2014,1840.82,1840.82,1840.82,1840.82
10/3/2014,1840.82,1840.82,1840.82,1840.82
10/2/2014,1837.68,1837.68,1837.68,1837.68
10/1/2014,1845.32,1845.32,1845.32,1845.32
09/30/14,1846.31,1846.31,1846.31,1846.31
09/29/14,1846.34,1846.34,1846.34,1846.34
09/26/14,1840.5,1840.5,1840.5,1840.5
09/25/14,1843.11,1843.11,1843.11,1843.11
09/24/14,1840.08,1840.08,1840.08,1840.08
09/23/14,1840.19,1840.19,1840.19,1840.19
09/22/14,1846.05,1846.05,1846.05,1846.05
09/19/14,1849.49,1849.49,1849.49,1849.49
09/18/14,1845.32,1845.32,1845.32,1845.32
09/17/14,1843.78,1843.78,1843.78,1843.78
09/16/14,1847.3,1847.3,1847.3,1847.3
09/15/14,1847.3,1847.3,1847.3,1847.3
9/12/2014,1855.64,1855.64,1855.64,1855.64
9/11/2014,1866.11,1866.11,1866.11,1866.11
9/10/2014,1870.85,1870.85,1870.85,1870.85
9/9/2014,1874.12,1874.12,1874.12,1874.12
9/8/2014,1871.09,1871.09,1871.09,1871.09
9/5/2014,1868.46,1868.46,1868.46,1868.46
9/4/2014,1869.21,1869.21,1869.21,1869.21
9/3/2014,1864.87,1864.87,1864.87,1864.87
9/2/2014,1867.69,1867.69,1867.69,1867.69
08/29/14,1866.11,1866.11,1866.11,1866.11
08/28/14,1875.68,1875.68,1875.68,1875.68
08/27/14,1872.38,1872.38,1872.38,1872.38
08/26/14,1861.82,1861.82,1861.82,1861.82
08/25/14,1862.31,1862.31,1862.31,1862.31
08/22/14,1870.99,1870.99,1870.99,1870.99
08/21/14,1874.81,1874.81,1874.81,1874.81
08/20/14,1878.89,1878.89,1878.89,1878.89
08/19/14,1872.16,1872.16,1872.16,1872.16
08/18/14,1861.75,1861.75,1861.75,1861.75
08/15/14,1864.31,1864.31,1864.31,1864.31
08/14/14,1861.58,1861.58,1861.58,1861.58
08/13/14,1858.04,1858.04,1858.04,1858.04
8/12/2014,1850.39,1850.39,1850.39,1850.39
8/11/2014,1849.32,1849.32,1849.32,1849.32
8/8/2014,1839.87,1839.87,1839.87,1839.87
8/7/2014,1867.32,1867.32,1867.32,1867.32
8/6/2014,1869.92,1869.92,1869.92,1869.92
8/5/2014,1876.69,1876.69,1876.69,1876.69
8/4/2014,1875.8,1875.8,1875.8,1875.8
8/1/2014,1863.34,1863.34,1863.34,1863.34
07/31/14,1871.36,1871.36,1871.36,1871.36
07/30/14,1878.34,1878.34,1878.34,1878.34
07/29/14,1877.34,1877.34,1877.34,1877.34
07/28/14,1877.34,1877.34,1877.34,1877.34
07/25/14,1877.34,1877.34,1877.34,1877.34
07/24/14,1877.05,1877.05,1877.05,1877.05
07/23/14,1871.83,1871.83,1871.83,1871.83
07/22/14,1871.36,1871.36,1871.36,1871.36
07/21/14,1868.64,1868.64,1868.64,1868.64
07/18/14,1872.97,1872.97,1872.97,1872.97
07/17/14,1883.14,1883.14,1883.14,1883.14
07/16/14,1886.71,1886.71,1886.71,1886.71
07/15/14,1884.87,1884.87,1884.87,1884.87
07/14/14,1884.87,1884.87,1884.87,1884.87
7/11/2014,1883.15,1883.15,1883.15,1883.15
7/10/2014,1892.62,1892.62,1892.62,1892.62
7/9/2014,1891.16,1891.16,1891.16,1891.16
7/8/2014,1892.65,1892.65,1892.65,1892.65
7/7/2014,1892.5,1892.5,1892.5,1892.5
7/4/2014,1884.91,1884.91,1884.91,1884.91
7/3/2014,1888.69,1888.69,1888.69,1888.69
7/2/2014,1886.84,1886.84,1886.84,1886.84
7/1/2014,1879.12,1879.12,1879.12,1879.12
06/30/14,1882.71,1882.71,1882.71,1882.71
06/27/14,1880.93,1880.93,1880.93,1880.93
06/26/14,1889.97,1889.97,1889.97,1889.97
06/25/14,1889.55,1889.55,1889.55,1889.55
06/24/14,1892.33,1892.33,1892.33,1892.33
06/23/14,1883.96,1883.96,1883.96,1883.96
06/20/14,1885.72,1885.72,1885.72,1885.72
06/19/14,1881.48,1881.48,1881.48,1881.48
06/18/14,1876.58,1876.58,1876.58,1876.58
06/17/14,1874.6,1874.6,1874.6,1874.6
06/16/14,1871.58,1871.58,1871.58,1871.58
06/13/14,1876.74,1876.74,1876.74,1876.74
6/12/2014,1873.87,1873.87,1873.87,1873.87
6/11/2014,1878.38,1878.38,1878.38,1878.38
6/10/2014,1876.61,1876.61,1876.61,1876.61
6/9/2014,1863.69,1863.69,1863.69,1863.69
6/6/2014,1862.7,1862.7,1862.7,1862.7
6/5/2014,1869,1869,1869,1869
6/4/2014,1865.2,1865.2,1865.2,1865.2
6/3/2014,1872.55,1872.55,1872.55,1872.55
6/2/2014,1864.25,1864.25,1864.25,1864.25
05/30/14,1873.38,1873.38,1873.38,1873.38
05/29/14,1876.62,1876.62,1876.62,1876.62
05/28/14,1871.66,1871.66,1871.66,1871.66
05/27/14,1867.57,1867.57,1867.57,1867.57
05/26/14,1862.8,1862.8,1862.8,1862.8
05/23/14,1869.22,1869.22,1869.22,1869.22
05/22/14,1875.12,1875.12,1875.12,1875.12
05/21/14,1877.03,1877.03,1877.03,1877.03
05/20/14,1881.16,1881.16,1881.16,1881.16
05/19/14,1887.07,1887.07,1887.07,1887.07
05/16/14,1883.34,1883.34,1883.34,1883.34
05/15/14,1879.83,1879.83,1879.83,1879.83
05/14/14,1879.2,1879.2,1879.2,1879.2
05/13/14,1866.08,1866.08,1866.08,1866.08
5/12/2014,1866.08,1866.08,1866.08,1866.08
5/9/2014,1866.72,1866.72,1866.72,1866.72
5/8/2014,1862.84,1862.84,1862.84,1862.84
5/7/2014,1860.43,1860.43,1860.43,1860.43
5/6/2014,1860.43,1860.43,1860.43,1860.43
5/5/2014,1860.54,1860.54,1860.54,1860.54
5/2/2014,1869.08,1869.08,1869.08,1869.08
5/1/2014,1871.52,1871.52,1871.52,1871.52
04/30/14,1871.52,1871.52,1871.52,1871.52
04/29/14,1859.34,1859.34,1859.34,1859.34
04/28/14,1855.74,1855.74,1855.74,1855.74
04/25/14,1860.98,1860.98,1860.98,1860.98
04/24/14,1865.28,1865.28,1865.28,1865.28
04/23/14,1867.35,1867.35,1867.35,1867.35
04/22/14,1866.42,1866.42,1866.42,1866.42
04/21/14,1862.93,1862.93,1862.93,1862.93
04/18/14,1852.69,1852.69,1852.69,1852.69
04/17/14,1850.54,1850.54,1850.54,1850.54
04/16/14,1845.37,1845.37,1845.37,1845.37
04/15/14,1853.88,1853.88,1853.88,1853.88
04/14/14,1851.53,1851.53,1851.53,1851.53
4/11/2014,1852.66,1852.66,1852.66,1852.66
4/10/2014,1859.52,1859.52,1859.52,1859.52
4/9/2014,1855.75,1855.75,1855.75,1855.75
4/8/2014,1852.31,1852.31,1852.31,1852.31
4/7/2014,1862.9,1862.9,1862.9,1862.9
4/4/2014,1856.61,1856.61,1856.61,1856.61
4/3/2014,1855.63,1855.63,1855.63,1855.63
4/2/2014,1852,1852,1852,1852
4/1/2014,1847.76,1847.76,1847.76,1847.76
03/31/14,1849.21,1849.21,1849.21,1849.21
03/28/14,1850.73,1850.73,1850.73,1850.73
03/27/14,1846.87,1846.87,1846.87,1846.87
03/26/14,1839.14,1839.14,1839.14,1839.14
03/25/14,1837.17,1837.17,1837.17,1837.17
03/24/14,1833.85,1833.85,1833.85,1833.85
03/21/14,1820.48,1820.48,1820.48,1820.48
03/20/14,1818.17,1818.17,1818.17,1818.17
03/19/14,1817.44,1817.44,1817.44,1817.44
03/18/14,1820.7,1820.7,1820.7,1820.7
03/17/14,1815.16,1815.16,1815.16,1815.16
03/14/14,1805.12,1805.12,1805.12,1805.12
03/13/14,1818.86,1818.86,1818.86,1818.86
3/12/2014,1818.6,1818.6,1818.6,1818.6
3/11/2014,1828.55,1828.55,1828.55,1828.55
3/10/2014,1822.06,1822.06,1822.06,1822.06
3/7/2014,1832.26,1832.26,1832.26,1832.26
3/6/2014,1838.69,1838.69,1838.69,1838.69
3/5/2014,1829.11,1829.11,1829.11,1829.11
3/4/2014,1826.46,1826.46,1826.46,1826.46
3/3/2014,1824.69,1824.69,1824.69,1824.69
02/28/14,1835.66,1835.66,1835.66,1835.66
02/27/14,1831.66,1831.66,1831.66,1831.66
02/26/14,1822.55,1822.55,1822.55,1822.55
02/25/14,1833.75,1833.75,1833.75,1833.75
02/24/14,1828.68,1828.68,1828.68,1828.68
02/21/14,1830.74,1830.74,1830.74,1830.74
02/20/14,1827.81,1827.81,1827.81,1827.81
02/19/14,1829.45,1829.45,1829.45,1829.45
02/18/14,1825.24,1825.24,1825.24,1825.24
02/17/14,1827.48,1827.48,1827.48,1827.48
02/14/14,1819.37,1819.37,1819.37,1819.37
02/13/14,1817.15,1817.15,1817.15,1817.15
2/12/2014,1825.64,1825.64,1825.64,1825.64
2/11/2014,1824.17,1824.17,1824.17,1824.17
2/10/2014,1816.14,1816.14,1816.14,1816.14
2/7/2014,1808.59,1808.59,1808.59,1808.59
2/6/2014,1797.9,1797.9,1797.9,1797.9
2/5/2014,1785.88,1785.88,1785.88,1785.88
2/4/2014,1778.83,1778.83,1778.83,1778.83
2/3/2014,1804.03,1804.03,1804.03,1804.03
01/31/14,1804.03,1804.03,1804.03,1804.03
01/30/14,1804.03,1804.03,1804.03,1804.03
01/29/14,1789.23,1789.23,1789.23,1789.23
01/28/14,1781.25,1781.25,1781.25,1781.25
01/27/14,1778.88,1778.88,1778.88,1778.88
01/24/14,1802.57,1802.57,1802.57,1802.57
01/23/14,1808.31,1808.31,1808.31,1808.31
01/22/14,1814.1,1814.1,1814.1,1814.1
01/21/14,1815.34,1815.34,1815.34,1815.34
01/20/14,1807.59,1807.59,1807.59,1807.59
01/17/14,1813.01,1813.01,1813.01,1813.01
01/16/14,1813.01,1813.01,1813.01,1813.01
01/15/14,1824.03,1824.03,1824.03,1824.03
01/14/14,1834.97,1834.97,1834.97,1834.97
01/13/14,1834.97,1834.97,1834.97,1834.97
1/10/2014,1826.61,1826.61,1826.61,1826.61
1/9/2014,1828.21,1828.21,1828.21,1828.21
1/8/2014,1831.3,1831.3,1831.3,1831.3
1/7/2014,1825.11,1825.11,1825.11,1825.11
1/6/2014,1829.18,1829.18,1829.18,1829.18
1/3/2014,1834.74,1834.74,1834.74,1834.74
1/2/2014,1852.95,1852.95,1852.95,1852.95
12/31/13,1866.96,1866.96,1866.96,1866.96
12/30/13,1872.52,1872.52,1872.52,1872.52
12/27/13,1861.06,1861.06,1861.06,1861.06
12/26/13,1844.1,1844.1,1844.1,1844.1
12/24/13,1835.49,1835.49,1835.49,1835.49
12/23/13,1832.86,1832.86,1832.86,1832.86
12/20/13,1838.03,1838.03,1838.03,1838.03
12/19/13,1846.18,1846.18,1846.18,1846.18
12/18/13,1847.5,1847.5,1847.5,1847.5
12/17/13,1850.9,1850.9,1850.9,1850.9
12/16/13,1837.88,1837.88,1837.88,1837.88
12/13/13,1840.35,1840.35,1840.35,1840.35
12/12/2013,1833.87,1833.87,1833.87,1833.87
12/11/2013,1842.82,1842.82,1842.82,1842.82
12/10/2013,1843.85,1843.85,1843.85,1843.85
12/9/2013,1841.87,1841.87,1841.87,1841.87
12/6/2013,1826.95,1826.95,1826.95,1826.95
12/5/2013,1824.86,1824.86,1824.86,1824.86
12/4/2013,1821.9,1821.9,1821.9,1821.9
12/3/2013,1824.29,1824.29,1824.29,1824.29
12/2/2013,1818.15,1818.15,1818.15,1818.15
11/29/13,1812.72,1812.72,1812.72,1812.72
11/28/13,1807.6,1807.6,1807.6,1807.6
11/27/13,1798.46,1798.46,1798.46,1798.46
11/26/13,1798.13,1798.13,1798.13,1798.13
11/25/13,1797.97,1797.97,1797.97,1797.97
11/22/13,1794.52,1794.52,1794.52,1794.52
11/21/13,1794.65,1794.65,1794.65,1794.65
11/20/13,1798.69,1798.69,1798.69,1798.69
11/19/13,1807.16,1807.16,1807.16,1807.16
11/18/13,1792.39,1792.39,1792.39,1792.39
11/15/13,1789.87,1789.87,1789.87,1789.87
11/14/13,1784.2,1784.2,1784.2,1784.2
11/13/13,1782.49,1782.49,1782.49,1782.49
11/12/2013,1794.8,1794.8,1794.8,1794.8
11/11/2013,1804.21,1804.21,1804.21,1804.21
11/8/2013,1804.48,1804.48,1804.48,1804.48
11/7/2013,1806.61,1806.61,1806.61,1806.61
11/6/2013,1803.05,1803.05,1803.05,1803.05
11/5/2013,1807.47,1807.47,1807.47,1807.47
11/4/2013,1807.47,1807.47,1807.47,1807.47
11/1/2013,1810.41,1810.41,1810.41,1810.41
10/31/13,1806.85,1806.85,1806.85,1806.85
10/30/13,1817.38,1817.38,1817.38,1817.38
10/29/13,1815.65,1815.65,1815.65,1815.65
10/28/13,1818.39,1818.39,1818.39,1818.39
10/25/13,1817.57,1817.57,1817.57,1817.57
10/24/13,1818.93,1818.93,1818.93,1818.93
10/23/13,1814.11,1814.11,1814.11,1814.11
10/22/13,1803.58,1803.58,1803.58,1803.58
10/21/13,1802.61,1802.61,1802.61,1802.61
10/18/13,1799.59,1799.59,1799.59,1799.59
10/17/13,1797.42,1797.42,1797.42,1797.42
10/16/13,1791.37,1791.37,1791.37,1791.37
10/15/13,1784.76,1784.76,1784.76,1784.76
10/14/13,1784.76,1784.76,1784.76,1784.76
10/11/2013,1785.75,1785.75,1785.75,1785.75
10/10/2013,1775.92,1775.92,1775.92,1775.92
10/9/2013,1769.12,1769.12,1769.12,1769.12
10/8/2013,1777.5,1777.5,1777.5,1777.5
10/7/2013,1776.82,1776.82,1776.82,1776.82
10/4/2013,1776.56,1776.56,1776.56,1776.56
10/3/2013,1771.37,1771.37,1771.37,1771.37
10/2/2013,1770.35,1770.35,1770.35,1770.35
10/1/2013,1769.03,1769.03,1769.03,1769.03
09/30/13,1768.62,1768.62,1768.62,1768.62
09/27/13,1776.16,1776.16,1776.16,1776.16
09/26/13,1774.16,1774.16,1774.16,1774.16
09/25/13,1784.06,1784.06,1784.06,1784.06
09/24/13,1792.48,1792.48,1792.48,1792.48
09/23/13,1796.36,1796.36,1796.36,1796.36
09/20/13,1801.83,1801.83,1801.83,1801.83
09/19/13,1792.91,1792.91,1792.91,1792.91
09/18/13,1771.4,1771.4,1771.4,1771.4
09/17/13,1774.94,1774.94,1774.94,1774.94
09/16/13,1770.8,1770.8,1770.8,1770.8
09/13/13,1770.8,1770.8,1770.8,1770.8
9/12/2013,1772.4,1772.4,1772.4,1772.4
9/11/2013,1768.48,1768.48,1768.48,1768.48
9/10/2013,1764.95,1764.95,1764.95,1764.95
9/9/2013,1747.03,1747.03,1747.03,1747.03
9/6/2013,1723.8,1723.8,1723.8,1723.8
9/5/2013,1720.97,1720.97,1720.97,1720.97
9/4/2013,1716.76,1716.76,1716.76,1716.76
9/3/2013,1724.21,1724.21,1724.21,1724.21
9/2/2013,1717.56,1717.56,1717.56,1717.56
08/30/13,1727.58,1727.58,1727.58,1727.58
08/29/13,1703.78,1703.78,1703.78,1703.78
08/28/13,1686.17,1686.17,1686.17,1686.17
08/27/13,1701.24,1701.24,1701.24,1701.24
08/26/13,1722.49,1722.49,1722.49,1722.49
08/23/13,1721.07,1721.07,1721.07,1721.07
08/22/13,1720.37,1720.37,1720.37,1720.37
08/21/13,1744.85,1744.85,1744.85,1744.85
08/20/13,1745.42,1745.42,1745.42,1745.42
08/19/13,1778.36,1778.36,1778.36,1778.36
08/16/13,1788.24,1788.24,1788.24,1788.24
08/15/13,1792.21,1792.21,1792.21,1792.21
08/14/13,1793.73,1793.73,1793.73,1793.73
08/13/13,1795.09,1795.09,1795.09,1795.09
8/12/2013,1784.57,1784.57,1784.57,1784.57
8/9/2013,1779.32,1779.32,1779.32,1779.32
8/8/2013,1779.32,1779.32,1779.32,1779.32
8/7/2013,1779.32,1779.32,1779.32,1779.32
8/6/2013,1784.64,1784.64,1784.64,1784.64
8/5/2013,1785.14,1785.14,1785.14,1785.14
8/2/2013,1782.51,1782.51,1782.51,1782.51
8/1/2013,1777.82,1777.82,1777.82,1777.82
07/31/13,1772.62,1772.62,1772.62,1772.62
07/30/13,1795.08,1795.08,1795.08,1795.08
07/29/13,1798.78,1798.78,1798.78,1798.78
07/26/13,1807.61,1807.61,1807.61,1807.61
07/25/13,1808.42,1808.42,1808.42,1808.42
07/24/13,1810,1810,1810,1810
07/23/13,1805.31,1805.31,1805.31,1805.31
07/22/13,1797.68,1797.68,1797.68,1797.68
07/19/13,1797.74,1797.74,1797.74,1797.74
07/18/13,1791.54,1791.54,1791.54,1791.54
07/17/13,1788.66,1788.66,1788.66,1788.66
07/16/13,1786.39,1786.39,1786.39,1786.39
07/15/13,1786.67,1786.67,1786.67,1786.67
7/12/2013,1785.65,1785.65,1785.65,1785.65
7/11/2013,1781.15,1781.15,1781.15,1781.15
7/10/2013,1768.71,1768.71,1768.71,1768.71
7/9/2013,1766.49,1766.49,1766.49,1766.49
7/8/2013,1762.87,1762.87,1762.87,1762.87
7/5/2013,1772.27,1772.27,1772.27,1772.27
7/4/2013,1771.34,1771.34,1771.34,1771.34
7/3/2013,1769.21,1769.21,1769.21,1769.21
7/2/2013,1771.89,1771.89,1771.89,1771.89
7/1/2013,1775.14,1775.14,1775.14,1775.14
06/28/13,1773.54,1773.54,1773.54,1773.54
06/27/13,1751.57,1751.57,1751.57,1751.57
06/26/13,1740.76,1740.76,1740.76,1740.76
06/25/13,1728.64,1728.64,1728.64,1728.64
06/24/13,1738.19,1738.19,1738.19,1738.19
06/21/13,1755.85,1755.85,1755.85,1755.85
06/20/13,1762.34,1762.34,1762.34,1762.34
06/19/13,1772.88,1772.88,1772.88,1772.88
06/18/13,1774.05,1774.05,1774.05,1774.05
06/17/13,1772.17,1772.17,1772.17,1772.17
06/14/13,1762.19,1762.19,1762.19,1762.19
06/13/13,1742.87,1742.87,1742.87,1742.87
6/12/2013,1775.12,1775.12,1775.12,1775.12
6/11/2013,1779.57,1779.57,1779.57,1779.57
6/10/2013,1787.8,1787.8,1787.8,1787.8
6/7/2013,1775.59,1775.59,1775.59,1775.59
6/6/2013,1769.6,1769.6,1769.6,1769.6
6/5/2013,1774.42,1774.42,1774.42,1774.42
6/4/2013,1776.74,1776.74,1776.74,1776.74
6/3/2013,1766.33,1766.33,1766.33,1766.33
05/31/13,1769.22,1769.22,1769.22,1769.22
05/30/13,1774.92,1774.92,1774.92,1774.92
05/29/13,1783.47,1783.47,1783.47,1783.47
05/28/13,1776.16,1776.16,1776.16,1776.16
05/27/13,1767.13,1767.13,1767.13,1767.13
05/24/13,1773.06,1773.06,1773.06,1773.06
05/23/13,1773.06,1773.06,1773.06,1773.06
05/22/13,1783.88,1783.88,1783.88,1783.88
05/21/13,1787.38,1787.38,1787.38,1787.38
05/20/13,1777.15,1777.15,1777.15,1777.15
05/17/13,1769.16,1769.16,1769.16,1769.16
05/16/13,1766.72,1766.72,1766.72,1766.72
05/15/13,1783.03,1783.03,1783.03,1783.03
05/14/13,1788.43,1788.43,1788.43,1788.43
05/13/13,1787.9,1787.9,1787.9,1787.9
5/10/2013,1772.38,1772.38,1772.38,1772.38
5/9/2013,1766.07,1766.07,1766.07,1766.07
5/8/2013,1774,1774,1774,1774
5/7/2013,1776.73,1776.73,1776.73,1776.73
5/6/2013,1752.02,1752.02,1752.02,1752.02
5/3/2013,1694.77,1694.77,1694.77,1694.77
5/2/2013,1713.46,1713.46,1713.46,1713.46
5/1/2013,1717.65,1717.65,1717.65,1717.65
04/30/13,1717.65,1717.65,1717.65,1717.65
04/29/13,1707.97,1707.97,1707.97,1707.97
04/26/13,1711.29,1711.29,1711.29,1711.29
04/25/13,1706.34,1706.34,1706.34,1706.34
04/24/13,1707.35,1707.35,1707.35,1707.35
04/23/13,1700.39,1700.39,1700.39,1700.39
04/22/13,1706.68,1706.68,1706.68,1706.68
04/19/13,1706.28,1706.28,1706.28,1706.28
04/18/13,1706.26,1706.26,1706.26,1706.26
04/17/13,1710.97,1710.97,1710.97,1710.97
04/16/13,1700.53,1700.53,1700.53,1700.53
04/15/13,1697.77,1697.77,1697.77,1697.77
4/12/2013,1698.53,1698.53,1698.53,1698.53
4/11/2013,1707.04,1707.04,1707.04,1707.04
4/10/2013,1696.2,1696.2,1696.2,1696.2
4/9/2013,1690.27,1690.27,1690.27,1690.27
4/8/2013,1687.99,1687.99,1687.99,1687.99
4/5/2013,1688.65,1688.65,1688.65,1688.65
4/4/2013,1688.46,1688.46,1688.46,1688.46
4/3/2013,1685.4,1685.4,1685.4,1685.4
4/2/2013,1685,1685,1685,1685
4/1/2013,1667.61,1667.61,1667.61,1667.61
03/29/13,1671.63,1671.63,1671.63,1671.63
03/28/13,1674.04,1674.04,1674.04,1674.04
03/27/13,1667.57,1667.57,1667.57,1667.57
03/26/13,1652.83,1652.83,1652.83,1652.83
03/25/13,1643.89,1643.89,1643.89,1643.89
03/22/13,1626.89,1626.89,1626.89,1626.89
03/21/13,1630.75,1630.75,1630.75,1630.75
03/20/13,1631.54,1631.54,1631.54,1631.54
03/19/13,1625.46,1625.46,1625.46,1625.46
03/18/13,1621.36,1621.36,1621.36,1621.36
03/15/13,1627.64,1627.64,1627.64,1627.64
03/14/13,1640.74,1640.74,1640.74,1640.74
03/13/13,1646.22,1646.22,1646.22,1646.22
3/12/2013,1656.54,1656.54,1656.54,1656.54
3/11/2013,1657.96,1657.96,1657.96,1657.96
3/8/2013,1653.96,1653.96,1653.96,1653.96
3/7/2013,1650.93,1650.93,1650.93,1650.93
3/6/2013,1651.84,1651.84,1651.84,1651.84
3/5/2013,1642.08,1642.08,1642.08,1642.08
3/4/2013,1635.98,1635.98,1635.98,1635.98
3/1/2013,1637.44,1637.44,1637.44,1637.44
02/28/13,1637.63,1637.63,1637.63,1637.63
02/27/13,1624.14,1624.14,1624.14,1624.14
02/26/13,1624.18,1624.18,1624.18,1624.18
02/25/13,1627.35,1627.35,1627.35,1627.35
02/22/13,1622.08,1622.08,1622.08,1622.08
02/21/13,1614.05,1614.05,1614.05,1614.05
02/20/13,1613.33,1613.33,1613.33,1613.33
02/19/13,1615.07,1615.07,1615.07,1615.07
02/18/13,1620.93,1620.93,1620.93,1620.93
02/15/13,1627.93,1627.93,1627.93,1627.93
02/14/13,1630.89,1630.89,1630.89,1630.89
02/13/13,1631.16,1631.16,1631.16,1631.16
2/12/2013,1623.8,1623.8,1623.8,1623.8
2/11/2013,1623.8,1623.8,1623.8,1623.8
2/8/2013,1623.8,1623.8,1623.8,1623.8
2/7/2013,1619.57,1619.57,1619.57,1619.57
2/6/2013,1614.14,1614.14,1614.14,1614.14
2/5/2013,1633.35,1633.35,1633.35,1633.35
2/4/2013,1634.55,1634.55,1634.55,1634.55
2/1/2013,1627.55,1627.55,1627.55,1627.55
01/31/13,1627.55,1627.55,1627.55,1627.55
01/30/13,1627.73,1627.73,1627.73,1627.73
01/29/13,1637.34,1637.34,1637.34,1637.34
01/28/13,1637.13,1637.13,1637.13,1637.13
01/25/13,1637.13,1637.13,1637.13,1637.13
01/24/13,1635.25,1635.25,1635.25,1635.25
01/23/13,1635.25,1635.25,1635.25,1635.25
01/22/13,1628.66,1628.66,1628.66,1628.66
01/21/13,1635.63,1635.63,1635.63,1635.63
01/18/13,1676.44,1676.44,1676.44,1676.44
01/17/13,1681.09,1681.09,1681.09,1681.09
01/16/13,1682.95,1682.95,1682.95,1682.95
01/15/13,1685.89,1685.89,1685.89,1685.89
01/14/13,1684.63,1684.63,1684.63,1684.63
1/11/2013,1682.7,1682.7,1682.7,1682.7
1/10/2013,1684.57,1684.57,1684.57,1684.57
1/9/2013,1689.93,1689.93,1689.93,1689.93
1/8/2013,1688.91,1688.91,1688.91,1688.91
1/7/2013,1694.16,1694.16,1694.16,1694.16
1/4/2013,1692.58,1692.58,1692.58,1692.58
1/3/2013,1692.65,1692.65,1692.65,1692.65
1/2/2013,1674.72,1674.72,1674.72,1674.72
